<OTA_AirRulesRQ xmlns:xsd="http://www.w3.org/2001/XMLSchema" xmlns:xsi="http://www.w3.org/2001/XMLSchema-instance" Version="2.3.0"><OptionalQualifiers xmlns="http://webservices.sabre.com/sabreXML/2011/10"><PricingQualifiers /></OptionalQualifiers><OriginDestinationInformation xmlns="http://webservices.sabre.com/sabreXML/2011/10"><FlightSegment DepartureDateTime="2019-12-27"><DestinationLocation LocationCode="LIS" /><MarketingCarrier Code="JJ" /><OriginLocation LocationCode="CWB" /></FlightSegment></OriginDestinationInformation><RuleReqInfo xmlns="http://webservices.sabre.com/sabreXML/2011/10"><Category>31</Category><Category>16</Category><FareBasis Code="XHESE40E" /></RuleReqInfo></OTA_AirRulesRQ>