<PassengerDetailsRQ xmlns:xsd="http://www.w3.org/2001/XMLSchema" xmlns:xsi="http://www.w3.org/2001/XMLSchema-instance" version="3.3.0"><PostProcessing xmlns="http://services.sabre.com/sp/pd/v3_3" RedisplayReservation="true"><EndTransactionRQ><EndTransaction Ind="true" /><Source ReceivedFrom="WEBSERVICE/ENVISIONTRAVEL" /></EndTransactionRQ></PostProcessing><PreProcessing xmlns="http://services.sabre.com/sp/pd/v3_3"><UniqueID ID="SSHVTJ" /></PreProcessing><SpecialReqDetails xmlns="http://services.sabre.com/sp/pd/v3_3"><AddRemarkRQ><RemarkInfo><Remark Type="General"><Text>H-ASD/VJ/PNR/TRAVELENGINE</Text></Remark></RemarkInfo></AddRemarkRQ></SpecialReqDetails><TravelItineraryAddInfoRQ xmlns="http://services.sabre.com/sp/pd/v3_3"><CustomerInfo /></TravelItineraryAddInfoRQ></PassengerDetailsRQ>