<PassengerDetailsRS xmlns:xsd="http://www.w3.org/2001/XMLSchema" xmlns:xsi="http://www.w3.org/2001/XMLSchema-instance"><ApplicationResults xmlns="http://services.sabre.com/STL_Payload/v02_01" status="Complete"><Success timeStamp="2019-06-25T15:18:54.148-03:00" /><Warning type="BusinessLogic" timeStamp="2019-06-25T15:18:53.985-03:00"><SystemSpecificResults><Message code="WARN.SWS.HOST.ERROR_IN_RESPONSE">EndTransactionLLSRQ: MIN CONNX TIME SEG 04 AT GRU 1.45</Message><Message>VERIFY ORDER OF ITINERARY SEGMENTS - MODIFY OR END TRANSACTION</Message></SystemSpecificResults></Warning></ApplicationResults><ItineraryRef xmlns="http://services.sabre.com/sp/pd/v3_3" ID="SSHVTJ" /></PassengerDetailsRS>