<DeletePriceQuoteRS xmlns:xsd="http://www.w3.org/2001/XMLSchema" xmlns:xsi="http://www.w3.org/2001/XMLSchema-instance"><TPA_Extensions xmlns="http://webservices.sabre.com/sabreXML/2003/07"><HostCommand>PQD-ALL</HostCommand></TPA_Extensions><Errors xmlns="http://webservices.sabre.com/sabreXML/2003/07"><Error ErrorCode="SessionFailure-103" Severity="High" ErrorMessage="TPFSE:prod4:110 2019-06-25 09:54:20"><ErrorInfo><Message>??NO PQ RECORDS EXIST-0341??
</Message></ErrorInfo></Error></Errors></DeletePriceQuoteRS>