<EnhancedAirBookRS xmlns:xsd="http://www.w3.org/2001/XMLSchema" xmlns:xsi="http://www.w3.org/2001/XMLSchema-instance"><ApplicationResults xmlns="http://services.sabre.com/STL_Payload/v02_01" status="Complete"><Success timeStamp="2019-06-25T11:54:22.409-03:00" /></ApplicationResults><OTA_AirPriceRS xmlns="http://services.sabre.com/sp/eab/v3_8"><PriceQuote><MiscInformation><BaggageInfo><SubCodeProperties SolutionSequenceNmbr="1" RPH="1"><AncillaryFeeGroupCode>BG</AncillaryFeeGroupCode><BookingMethod>04</BookingMethod><CommercialNameofBaggageItemType>3 BAGS 32KG 158CM</CommercialNameofBaggageItemType><DescriptionOne Code="32"><Text>UP TO 70 POUNDS/32 KILOGRAMS</Text></DescriptionOne><EMD_Type>4</EMD_Type><ExtendedSubCodeKey>0C6ACIB</ExtendedSubCodeKey><RFIC>C</RFIC><SizeWeightInfo><MaximumWeightInAlternate Units="K">32</MaximumWeightInAlternate><MaximumWeight Units="L">70</MaximumWeight></SizeWeightInfo></SubCodeProperties><SubCodeProperties SolutionSequenceNmbr="1" RPH="2"><AncillaryFeeGroupCode>BG</AncillaryFeeGroupCode><CommercialNameofBaggageItemType>FREE BAGGAGE ALLOWANCE</CommercialNameofBaggageItemType><EMD_Type>4</EMD_Type><ExtendedSubCodeKey>0DFAAIB</ExtendedSubCodeKey><RFIC>C</RFIC></SubCodeProperties><SubCodeProperties SolutionSequenceNmbr="1" RPH="3"><AncillaryFeeGroupCode>BG</AncillaryFeeGroupCode><BookingMethod>04</BookingMethod><CommercialNameofBaggageItemType>UP TO 23 KG AND 158 LCM</CommercialNameofBaggageItemType><DescriptionOne Code="23"><Text>UP TO 50 POUNDS/23 KILOGRAMS</Text></DescriptionOne><DescriptionTwo Code="6U"><Text>UP TO 62 LINEAR INCHES/158 LINEAR CENTIMETERS</Text></DescriptionTwo><EMD_Type>4</EMD_Type><ExtendedSubCodeKey>0GOACIB</ExtendedSubCodeKey><RFIC>C</RFIC><SizeWeightInfo><MaximumSizeInAlternate Units="C">158</MaximumSizeInAlternate><MaximumSize Units="I">62</MaximumSize><MaximumWeightInAlternate Units="K">23</MaximumWeightInAlternate><MaximumWeight Units="L">50</MaximumWeight></SizeWeightInfo></SubCodeProperties><SubCodeProperties SolutionSequenceNmbr="1" RPH="4"><AncillaryFeeGroupCode>BG</AncillaryFeeGroupCode><AncillaryService SubGroupCode="CY"><Text>CARRY ON HAND BAGGAGE</Text></AncillaryService><CommercialNameofBaggageItemType>CARRYON HAND BAGGAGE ALLOWANCE</CommercialNameofBaggageItemType><EMD_Type>4</EMD_Type><ExtendedSubCodeKey>0LNABIB</ExtendedSubCodeKey><RFIC>C</RFIC></SubCodeProperties><SubCodeProperties SolutionSequenceNmbr="1" RPH="5"><AncillaryFeeGroupCode>BG</AncillaryFeeGroupCode><CommercialNameofBaggageItemType>1ST 23KG</CommercialNameofBaggageItemType><DescriptionOne Code="23"><Text>UP TO 50 POUNDS/23 KILOGRAMS</Text></DescriptionOne><EMD_Type>2</EMD_Type><ExtendedSubCodeKey>0C3ACLA</ExtendedSubCodeKey><RFIC>C</RFIC><SizeWeightInfo><MaximumWeightInAlternate Units="K">23</MaximumWeightInAlternate><MaximumWeight Units="L">50</MaximumWeight></SizeWeightInfo></SubCodeProperties><SubCodeProperties SolutionSequenceNmbr="1" RPH="6"><AncillaryFeeGroupCode>BG</AncillaryFeeGroupCode><CommercialNameofBaggageItemType>FREE BAGGAGE ALLOWANCE</CommercialNameofBaggageItemType><EMD_Type>4</EMD_Type><ExtendedSubCodeKey>0DFAALA</ExtendedSubCodeKey></SubCodeProperties><SubCodeProperties SolutionSequenceNmbr="1" RPH="7"><AncillaryFeeGroupCode>BG</AncillaryFeeGroupCode><AncillaryService SubGroupCode="CY"><Text>CARRY ON HAND BAGGAGE</Text></AncillaryService><CommercialNameofBaggageItemType>CARRYON HAND BAGGAGE ALLOWANCE</CommercialNameofBaggageItemType><EMD_Type>4</EMD_Type><ExtendedSubCodeKey>0LNABLA</ExtendedSubCodeKey></SubCodeProperties><SubCodeProperties SolutionSequenceNmbr="1" RPH="8"><AncillaryFeeGroupCode>BG</AncillaryFeeGroupCode><AncillaryService SubGroupCode="CY"><Text>CARRY ON HAND BAGGAGE</Text></AncillaryService><CommercialNameofBaggageItemType>CARRY10KG 22LBUPTO 45LI 115LCM</CommercialNameofBaggageItemType><DescriptionOne Code="10"><Text>UP TO 22 POUNDS/10 KILOGRAMS</Text></DescriptionOne><DescriptionTwo Code="4U"><Text>UP TO 45 LINEAR INCHES/115 LINEAR CENTIMETERS</Text></DescriptionTwo><EMD_Type>4</EMD_Type><ExtendedSubCodeKey>0MJACLA</ExtendedSubCodeKey><SizeWeightInfo><MaximumSizeInAlternate Units="C">115</MaximumSizeInAlternate><MaximumSize Units="I">45</MaximumSize><MaximumWeightInAlternate Units="K">10</MaximumWeightInAlternate><MaximumWeight Units="L">22</MaximumWeight></SizeWeightInfo></SubCodeProperties></BaggageInfo><HeaderInformation SolutionSequenceNmbr="1"><DepartureDate>2019-12-27</DepartureDate><LastTicketingDate>06-28T11:00</LastTicketingDate><Text>VALIDATING CARRIER - JJ</Text><Text>BAG ALLOWANCE     -CWBLIS-01P/LA/EACH PIECE UP TO 50 POUNDS/23</Text><Text>KILOGRAMS</Text><Text>2NDCHECKED BAG FEE-CWBLIS-*/LA</Text><Text>*BAGGAGE ALLOWANCES/FEES UNKNOWN - CONTACT LA</Text><Text>BAG ALLOWANCE     -LISMAD-01P/IB/EACH PIECE UP TO 50 POUNDS/23</Text><Text>KILOGRAMS AND UP TO 62 LINEAR INCHES/158 LINEAR CENTIMETERS</Text><Text>2NDCHECKED BAG FEE-LISMAD-BRL573.51/IB/UP TO 70 POUNDS/32 KILOG</Text><Text>RAMS</Text><Text>BAG ALLOWANCE     -BCNCWB-NIL/LA</Text><Text>1STCHECKED BAG FEE-BCNCWB-*/LA</Text><Text>*BAGGAGE ALLOWANCES/FEES UNKNOWN - CONTACT LA</Text><Text>2NDCHECKED BAG FEE-BCNCWB-*/LA</Text><Text>*BAGGAGE ALLOWANCES/FEES UNKNOWN - CONTACT LA</Text><Text>CARRY ON ALLOWANCE</Text><Text>CWBGRU GRULIS BCNGRU GRUCWB-01P/10KG/LA</Text><Text>01/UP TO 22 POUNDS/10 KILOGRAMS AND UP TO 45 LINEAR INCHES/115</Text><Text>LINEAR CENTIMETERS</Text><Text>LISMAD-01P/IB</Text><Text>CARRY ON CHARGES</Text><Text>CWBGRU GRULIS BCNGRU GRUCWB-LA-CARRY ON FEES UNKNOWN-CONTACT CA</Text><Text>RRIER</Text><Text>LISMAD-IB-CARRY ON FEES UNKNOWN-CONTACT CARRIER</Text><Text>ADDITIONAL ALLOWANCES AND/OR DISCOUNTS MAY APPLY DEPENDING ON</Text><Text>FLYER-SPECIFIC FACTORS /E.G. FREQUENT FLYER STATUS/MILITARY/</Text><Text>CREDIT CARD FORM OF PAYMENT/EARLY PURCHASE OVER INTERNET,ETC./</Text><Text>27DEC DEPARTURE DATE-----LAST DAY TO PURCHASE 28JUN/1100</Text><ValidatingCarrier Code="JJ" /></HeaderInformation><SolutionInformation SolutionSequenceNmbr="1"><CurrencyCode>BRL</CurrencyCode><RequiresRebook>false</RequiresRebook><TicketNumber>0</TicketNumber><TotalAmount>5199.65</TotalAmount></SolutionInformation></MiscInformation><PricedItinerary AlternativePricing="false" CurrencyCode="BRL" MultiTicket="false" TotalAmount="5199.65"><AirItineraryPricingInfo SolutionSequenceNmbr="1"><BaggageProvisions RPH="1"><Associations><CarrierCode RPH="1">LA</CarrierCode><CarrierCode RPH="2">LA</CarrierCode><CountForSegmentAssociatedID>2</CountForSegmentAssociatedID><DepartureDate RPH="1">2019-12-27</DepartureDate><DepartureDate RPH="2">2019-12-27</DepartureDate><DestinationLocation LocationCode="GRU" RPH="1" /><DestinationLocation LocationCode="LIS" RPH="2" /><FlightNumber RPH="1">3515</FlightNumber><FlightNumber RPH="2">8146</FlightNumber><OriginLocation LocationCode="CWB" RPH="1" /><OriginLocation LocationCode="GRU" RPH="2" /><PNR_Segment RPH="1">7</PNR_Segment><PNR_Segment RPH="2">2</PNR_Segment><ResBookDesigCode RPH="1">Y</ResBookDesigCode><ResBookDesigCode RPH="2">X</ResBookDesigCode><StatusCode RPH="1">HK</StatusCode><StatusCode RPH="2">HK</StatusCode></Associations><CarrierWhoseBaggageProvisionsApply>LA</CarrierWhoseBaggageProvisionsApply><NumPiecesBDI>1</NumPiecesBDI><NumPiecesITR>1</NumPiecesITR><ProvisionType>A</ProvisionType><SubCodeInfo><SubCodeForAllowance RPH="1">0C3ACLA</SubCodeForAllowance><SubCodeForChargesOthers>0DFAALA</SubCodeForChargesOthers></SubCodeInfo></BaggageProvisions><BaggageProvisions RPH="2"><Associations><CarrierCode RPH="1">IB</CarrierCode><CountForSegmentAssociatedID>1</CountForSegmentAssociatedID><DepartureDate RPH="1">2019-12-31</DepartureDate><DestinationLocation LocationCode="MAD" RPH="1" /><FlightNumber RPH="1">3109</FlightNumber><OriginLocation LocationCode="LIS" RPH="1" /><PNR_Segment RPH="1">3</PNR_Segment><ResBookDesigCode RPH="1">S</ResBookDesigCode><StatusCode RPH="1">HK</StatusCode></Associations><CarrierWhoseBaggageProvisionsApply>IB</CarrierWhoseBaggageProvisionsApply><NumPiecesBDI>1</NumPiecesBDI><NumPiecesITR>1</NumPiecesITR><ProvisionType>A</ProvisionType><SubCodeInfo><SubCodeForAllowance RPH="1">0GOACIB</SubCodeForAllowance><SubCodeForChargesOthers>0DFAAIB</SubCodeForChargesOthers></SubCodeInfo></BaggageProvisions><BaggageProvisions RPH="3"><Associations><CarrierCode RPH="1">IB</CarrierCode><CountForSegmentAssociatedID>1</CountForSegmentAssociatedID><DepartureDate RPH="1">2019-12-31</DepartureDate><DestinationLocation LocationCode="MAD" RPH="1" /><FlightNumber RPH="1">3109</FlightNumber><OriginLocation LocationCode="LIS" RPH="1" /><PNR_Segment RPH="1">3</PNR_Segment><ResBookDesigCode RPH="1">S</ResBookDesigCode><StatusCode RPH="1">HK</StatusCode></Associations><CarrierWhoseBaggageProvisionsApply>IB</CarrierWhoseBaggageProvisionsApply><Commissionable>N</Commissionable><FeeApplicationIndicator>4</FeeApplicationIndicator><FeeNotGuaranteedIndicator>N</FeeNotGuaranteedIndicator><FirstOccurrence>1</FirstOccurrence><LastOccurrence>8</LastOccurrence><PassengerType Code="ADT" /><PriceInformation><Base Amount="150.00" CurrencyCode="USD" /><Equiv Amount="573.51" CurrencyCode="BRL" /><TaxIndicator>X</TaxIndicator><Total>573.51</Total></PriceInformation><ProvisionType>C</ProvisionType><RefundReissue>N</RefundReissue><SubCodeInfo><SubCodeForChargesOthers>0C6ACIB</SubCodeForChargesOthers></SubCodeInfo></BaggageProvisions><BaggageProvisions RPH="4"><Associations><CarrierCode RPH="1">LA</CarrierCode><CarrierCode RPH="2">LA</CarrierCode><CountForSegmentAssociatedID>2</CountForSegmentAssociatedID><DepartureDate RPH="1">2020-01-05</DepartureDate><DepartureDate RPH="2">2020-01-05</DepartureDate><DestinationLocation LocationCode="GRU" RPH="1" /><DestinationLocation LocationCode="CWB" RPH="2" /><FlightNumber RPH="1">8115</FlightNumber><FlightNumber RPH="2">3850</FlightNumber><OriginLocation LocationCode="BCN" RPH="1" /><OriginLocation LocationCode="GRU" RPH="2" /><PNR_Segment RPH="1">4</PNR_Segment><PNR_Segment RPH="2">5</PNR_Segment><ResBookDesigCode RPH="1">X</ResBookDesigCode><ResBookDesigCode RPH="2">Y</ResBookDesigCode><StatusCode RPH="1">HK</StatusCode><StatusCode RPH="2">HK</StatusCode></Associations><CarrierWhoseBaggageProvisionsApply>LA</CarrierWhoseBaggageProvisionsApply><NumPiecesBDI>0</NumPiecesBDI><ProvisionType>A</ProvisionType><SubCodeInfo><SubCodeForChargesOthers>0DFAALA</SubCodeForChargesOthers></SubCodeInfo></BaggageProvisions><BaggageProvisions RPH="5"><Associations><CarrierCode RPH="1">LA</CarrierCode><CarrierCode RPH="2">LA</CarrierCode><CarrierCode RPH="3">LA</CarrierCode><CarrierCode RPH="4">LA</CarrierCode><CountForSegmentAssociatedID>4</CountForSegmentAssociatedID><DepartureDate RPH="1">2019-12-27</DepartureDate><DepartureDate RPH="2">2019-12-27</DepartureDate><DepartureDate RPH="3">2020-01-05</DepartureDate><DepartureDate RPH="4">2020-01-05</DepartureDate><DestinationLocation LocationCode="GRU" RPH="1" /><DestinationLocation LocationCode="LIS" RPH="2" /><DestinationLocation LocationCode="GRU" RPH="3" /><DestinationLocation LocationCode="CWB" RPH="4" /><FlightNumber RPH="1">3515</FlightNumber><FlightNumber RPH="2">8146</FlightNumber><FlightNumber RPH="3">8115</FlightNumber><FlightNumber RPH="4">3850</FlightNumber><OriginLocation LocationCode="CWB" RPH="1" /><OriginLocation LocationCode="GRU" RPH="2" /><OriginLocation LocationCode="BCN" RPH="3" /><OriginLocation LocationCode="GRU" RPH="4" /><PNR_Segment RPH="1">7</PNR_Segment><PNR_Segment RPH="2">2</PNR_Segment><PNR_Segment RPH="3">4</PNR_Segment><PNR_Segment RPH="4">5</PNR_Segment><ResBookDesigCode RPH="1">Y</ResBookDesigCode><ResBookDesigCode RPH="2">X</ResBookDesigCode><ResBookDesigCode RPH="3">X</ResBookDesigCode><ResBookDesigCode RPH="4">Y</ResBookDesigCode><StatusCode RPH="1">HK</StatusCode><StatusCode RPH="2">HK</StatusCode><StatusCode RPH="3">HK</StatusCode><StatusCode RPH="4">HK</StatusCode></Associations><CarrierWhoseBaggageProvisionsApply>LA</CarrierWhoseBaggageProvisionsApply><NumPiecesBDI>1</NumPiecesBDI><NumPiecesITR>1</NumPiecesITR><ProvisionType>B</ProvisionType><SubCodeInfo><SubCodeForAllowance RPH="1">0MJACLA</SubCodeForAllowance><SubCodeForChargesOthers>0LNABLA</SubCodeForChargesOthers></SubCodeInfo><WeightLimit Units="K">10</WeightLimit></BaggageProvisions><BaggageProvisions RPH="6"><Associations><CarrierCode RPH="1">IB</CarrierCode><CountForSegmentAssociatedID>1</CountForSegmentAssociatedID><DepartureDate RPH="1">2019-12-31</DepartureDate><DestinationLocation LocationCode="MAD" RPH="1" /><FlightNumber RPH="1">3109</FlightNumber><OriginLocation LocationCode="LIS" RPH="1" /><PNR_Segment RPH="1">3</PNR_Segment><ResBookDesigCode RPH="1">S</ResBookDesigCode><StatusCode RPH="1">HK</StatusCode></Associations><CarrierWhoseBaggageProvisionsApply>IB</CarrierWhoseBaggageProvisionsApply><NumPiecesBDI>1</NumPiecesBDI><ProvisionType>B</ProvisionType><SubCodeInfo><SubCodeForChargesOthers>0LNABIB</SubCodeForChargesOthers></SubCodeInfo></BaggageProvisions><FareCalculation><Text>CWB LA X/SAO LA LIS IB MAD M650.00/-BCN LA X/SAO LA CWB M620.00NUC1270.00END ROE1.00</Text></FareCalculation><FareCalculationBreakdown><Departure CityCode="CWB" AirportCode="CWB" AirlineCode="LA" GenericInd="X" ArrivalCityCode="SAO" ArrivalAirportCode="GRU" /><FareBasis Code="XHESE40E" FilingCarrier="LA" Cabin="Y" /><FreeBaggageAllowance>PC001</FreeBaggageAllowance></FareCalculationBreakdown><FareCalculationBreakdown><Departure CityCode="SAO" AirportCode="GRU" AirlineCode="LA" GenericInd="O" ArrivalCityCode="LIS" ArrivalAirportCode="LIS" /><FareBasis Code="XHESE40E" FilingCarrier="LA" Cabin="Y" /><FreeBaggageAllowance>PC001</FreeBaggageAllowance></FareCalculationBreakdown><FareCalculationBreakdown><Branch PCC="V1SG" FirstJointCarrier="LA" /><Departure CityCode="LIS" AirportCode="LIS" AirlineCode="LA" GenericInd="O" ArrivalCityCode="MAD" ArrivalAirportCode="MAD" /><FareBasis Code="XHESE40E" FareAmount="650.00" FarePassengerType="ADT" FareType="P" FilingCarrier="LA" GlobalInd="AT" TripTypeInd="R" Market="CWBMAD" Cabin="Y" /><FreeBaggageAllowance>PC001</FreeBaggageAllowance><Mileage MileageSymbol="M" /><RuleCategoryIndicator>2</RuleCategoryIndicator><RuleCategoryIndicator>3</RuleCategoryIndicator><RuleCategoryIndicator>4</RuleCategoryIndicator><RuleCategoryIndicator>5</RuleCategoryIndicator><RuleCategoryIndicator>6</RuleCategoryIndicator><RuleCategoryIndicator>10</RuleCategoryIndicator><RuleCategoryIndicator>14</RuleCategoryIndicator><RuleCategoryIndicator>16</RuleCategoryIndicator></FareCalculationBreakdown><FareCalculationBreakdown><Departure CityCode="BCN" AirportCode="BCN" AirlineCode="LA" GenericInd="X" ArrivalCityCode="SAO" ArrivalAirportCode="GRU" /><FareBasis Code="XHESL40E" FilingCarrier="LA" Cabin="Y" /><FreeBaggageAllowance>NONIL</FreeBaggageAllowance></FareCalculationBreakdown><FareCalculationBreakdown><Branch PCC="V1SG" FirstJointCarrier="LA" /><Departure CityCode="SAO" AirportCode="GRU" AirlineCode="LA" GenericInd="O" ArrivalCityCode="CWB" ArrivalAirportCode="CWB" /><FareBasis Code="XHESL40E" FareAmount="620.00" FarePassengerType="ADT" FareType="P" FilingCarrier="LA" GlobalInd="AT" TripTypeInd="R" Market="CWBBCN" Cabin="Y" /><FreeBaggageAllowance>NONIL</FreeBaggageAllowance><Mileage MileageSymbol="M" /><RuleCategoryIndicator>2</RuleCategoryIndicator><RuleCategoryIndicator>3</RuleCategoryIndicator><RuleCategoryIndicator>4</RuleCategoryIndicator><RuleCategoryIndicator>5</RuleCategoryIndicator><RuleCategoryIndicator>6</RuleCategoryIndicator><RuleCategoryIndicator>10</RuleCategoryIndicator><RuleCategoryIndicator>14</RuleCategoryIndicator><RuleCategoryIndicator>16</RuleCategoryIndicator></FareCalculationBreakdown><ItinTotalFare NonRefundableInd="N"><BaggageInfo><NonUS_DOT_Disclosure><Text>BAG ALLOWANCE     -CWBLIS-01P/LA/EACH PIECE UP TO 50 POUNDS/23</Text><Text>KILOGRAMS</Text><Text>2NDCHECKED BAG FEE-CWBLIS-*/LA</Text><Text>*BAGGAGE ALLOWANCES/FEES UNKNOWN - CONTACT LA</Text><Text>BAG ALLOWANCE     -LISMAD-01P/IB/EACH PIECE UP TO 50 POUNDS/23</Text><Text>KILOGRAMS AND UP TO 62 LINEAR INCHES/158 LINEAR CENTIMETERS</Text><Text>2NDCHECKED BAG FEE-LISMAD-BRL573.51/IB/UP TO 70 POUNDS/32 KILOG</Text><Text>RAMS</Text><Text>BAG ALLOWANCE     -BCNCWB-NIL/LA</Text><Text>1STCHECKED BAG FEE-BCNCWB-*/LA</Text><Text>*BAGGAGE ALLOWANCES/FEES UNKNOWN - CONTACT LA</Text><Text>2NDCHECKED BAG FEE-BCNCWB-*/LA</Text><Text>*BAGGAGE ALLOWANCES/FEES UNKNOWN - CONTACT LA</Text><Text>CARRY ON ALLOWANCE</Text><Text>CWBGRU GRULIS BCNGRU GRUCWB-01P/10KG/LA</Text><Text>01/UP TO 22 POUNDS/10 KILOGRAMS AND UP TO 45 LINEAR INCHES/115</Text><Text>LINEAR CENTIMETERS</Text><Text>LISMAD-01P/IB</Text><Text>CARRY ON CHARGES</Text><Text>CWBGRU GRULIS BCNGRU GRUCWB-LA-CARRY ON FEES UNKNOWN-CONTACT CA</Text><Text>RRIER</Text><Text>LISMAD-IB-CARRY ON FEES UNKNOWN-CONTACT CARRIER</Text><Text>ADDITIONAL ALLOWANCES AND/OR DISCOUNTS MAY APPLY DEPENDING ON</Text><Text>FLYER-SPECIFIC FACTORS /E.G. FREQUENT FLYER STATUS/MILITARY/</Text><Text>CREDIT CARD FORM OF PAYMENT/EARLY PURCHASE OVER INTERNET,ETC./</Text></NonUS_DOT_Disclosure></BaggageInfo><BaseFare Amount="1270.00" CurrencyCode="USD" /><Endorsements><Text>NONEND-REF/CHG SEE PENALTY</Text></Endorsements><EquivFare Amount="4855.71" CurrencyCode="BRL" /><Taxes TotalAmount="343.94"><Tax Amount="184.45" TaxCode="BR3" TaxName="EMBARKATION FEE DOMESTIC" TicketingTaxCode="BR" /><Tax Amount="15.09" TaxCode="PT" TaxName="SECURITY TAX" TicketingTaxCode="PT" /><Tax Amount="50.67" TaxCode="YP3" TaxName="BRAGANCA  FARO  LISBON  PORTO" TicketingTaxCode="YP" /><Tax Amount="75.86" TaxCode="JD3" TaxName="DEPARTURE CHARGE" TicketingTaxCode="JD" /><Tax Amount="15.22" TaxCode="QV3" TaxName="SECURITY TAX" TicketingTaxCode="QV" /><Tax Amount="2.65" TaxCode="OG" TaxName="AVIATION SAFETY AND SECURITY F" TicketingTaxCode="OG" /></Taxes><TotalFare Amount="5199.65" CurrencyCode="BRL" /></ItinTotalFare><PassengerTypeQuantity Code="ADT" Quantity="1" /><PTC_FareBreakdown><Cabin>Y</Cabin><FareBasis Code="XHESE40E" FilingCarrier="LA" /><FreeBaggageAllowance>PC001</FreeBaggageAllowance></PTC_FareBreakdown><PTC_FareBreakdown><Cabin>Y</Cabin><FareBasis Code="XHESE40E" FilingCarrier="LA" /><FreeBaggageAllowance>PC001</FreeBaggageAllowance></PTC_FareBreakdown><PTC_FareBreakdown><Cabin>Y</Cabin><FareBasis Code="XHESE40E" FareAmount="650.00" FarePassengerType="ADT" FareType="P" FilingCarrier="LA" GlobalInd="AT" Market="CWBMAD" /><FreeBaggageAllowance>PC001</FreeBaggageAllowance></PTC_FareBreakdown><PTC_FareBreakdown><Cabin>Y</Cabin><FareBasis Code="XHESL40E" FilingCarrier="LA" /><FreeBaggageAllowance>NONIL</FreeBaggageAllowance></PTC_FareBreakdown><PTC_FareBreakdown><Cabin>Y</Cabin><FareBasis Code="XHESL40E" FareAmount="620.00" FarePassengerType="ADT" FareType="P" FilingCarrier="LA" GlobalInd="AT" Market="CWBBCN" /><FreeBaggageAllowance>NONIL</FreeBaggageAllowance></PTC_FareBreakdown></AirItineraryPricingInfo></PricedItinerary></PriceQuote></OTA_AirPriceRS></EnhancedAirBookRS>