<EnhancedAirBookRQ xmlns:xsd="http://www.w3.org/2001/XMLSchema" xmlns:xsi="http://www.w3.org/2001/XMLSchema-instance" version="3.8.0"><OTA_AirPriceRQ xmlns="http://services.sabre.com/sp/eab/v3_8"><PriceRequestInformation Retain="true"><OptionalQualifiers><PricingQualifiers><Account><Code>TOUR2</Code></Account><ItineraryOptions><SegmentSelect Number="1" RPH="1" /><SegmentSelect Number="2" RPH="2" /><SegmentSelect Number="3" RPH="3" /><SegmentSelect Number="4" RPH="4" /><SegmentSelect Number="5" RPH="5" /></ItineraryOptions><PassengerType Code="ADT" Quantity="1" /></PricingQualifiers></OptionalQualifiers></PriceRequestInformation></OTA_AirPriceRQ><PreProcessing xmlns="http://services.sabre.com/sp/eab/v3_8"><UniqueID ID="SSHVTJ" /></PreProcessing></EnhancedAirBookRQ>