<PassengerDetailsRS xmlns:xsd="http://www.w3.org/2001/XMLSchema" xmlns:xsi="http://www.w3.org/2001/XMLSchema-instance"><ApplicationResults xmlns="http://services.sabre.com/STL_Payload/v02_01" status="Complete"><Success timeStamp="2019-11-21T08:30:47.953-03:00" /></ApplicationResults><TravelItineraryReadRS xmlns="http://services.sabre.com/sp/pd/v3_3"><TravelItinerary><AccountingInfo><Airline Code="JJ" /><BaseFare Amount="5046.88" /><DocumentInfo><Document Number="2390305949" /></DocumentInfo><FareApplication>ONE</FareApplication><PaymentInfo><Commission Amount="0.00" /><Payment><Form>CA</Form></Payment></PaymentInfo><PersonName NameNumber="1.1">SANDANO JULIANA COELHO DE SOU</PersonName><Taxes><Tax Amount="343.94" /></Taxes><TicketingInfo><eTicket Ind="true" /><Exchange Ind="false" /><TariffBasis>F</TariffBasis><Ticketing ConjunctedCount="2" /></TicketingInfo></AccountingInfo><AccountingInfo><Airline Code="JJ" /><BaseFare Amount="1935.86" /><DocumentInfo><Document Number="2392394047" /></DocumentInfo><FareApplication>ONE</FareApplication><PaymentInfo><Commission Amount="0.00" /><Payment><Form>CA</Form></Payment></PaymentInfo><PersonName NameNumber="1.1">SANDANO JULIANA COELHO DE SOU</PersonName><Taxes><Tax Amount="641.50" /></Taxes><TicketingInfo><eTicket Ind="true" /><Exchange Ind="false" /><OriginalTicketNumber>9572390305949</OriginalTicketNumber><TariffBasis>F</TariffBasis><Ticketing ConjunctedCount="1" CouponCount="123,12" /></TicketingInfo></AccountingInfo><CustomerInfo><Address><AddressLine type="O">BEST WAY TRIPS AGENCIA DE VIAGENS E TURISMO LTDA</AddressLine><AddressLine type="O">AV PRESIDENTE AFONSO CAMARGO 330</AddressLine><AddressLine type="O">80060-090 CURITIBA - PR - CEP</AddressLine></Address><ContactNumbers><ContactNumber LocationCode="CWB" Phone="41-3888-3488-A" RPH="001" /></ContactNumbers><PersonName WithInfant="false" NameNumber="01.01" PassengerType="ADT" RPH="1"><GivenName>JULIANA COELHO DE SOUZA MRS</GivenName><ProfileIndex>TAGENCY/104326364</ProfileIndex><Surname>SANDANO</Surname></PersonName></CustomerInfo><ItineraryInfo><ItineraryPricing><PriceQuote RPH="1"><MiscInformation><SignatureLine ExpirationDateTime="00:00" Source="SYS" Status="ACTIVE"><Text>V1SG V1SG*AMC 1157/25JUN19</Text></SignatureLine></MiscInformation><PricedItinerary DisplayOnly="false" InputMessage="WPNCB?S1*BRSE?S2*BRSE?S3*BRSE?S4*BRSE?S5*BRSE?P1ADT?RQ" RPH="1" StatusCode="A" TaxExempt="false" ValidatingCarrier="JJ"><AirItineraryPricingInfo><ItinTotalFare><BaseFare Amount="1320.00" CurrencyCode="USD" /><EquivFare Amount="5046.88" CurrencyCode="BRL" /><Taxes><Tax Amount="343.94" TaxCode="XT" /><TaxBreakdownCode TaxPaid="false">184.45BR</TaxBreakdownCode><TaxBreakdownCode TaxPaid="false">15.09PT</TaxBreakdownCode><TaxBreakdownCode TaxPaid="false">50.67YP</TaxBreakdownCode><TaxBreakdownCode TaxPaid="false">75.86JD</TaxBreakdownCode><TaxBreakdownCode TaxPaid="false">15.22QV</TaxBreakdownCode><TaxBreakdownCode TaxPaid="false">2.65OG</TaxBreakdownCode></Taxes><TotalFare Amount="5390.82" CurrencyCode="BRL" /><Totals><BaseFare Amount="1320.00" /><EquivFare Amount="5046.88" /><Taxes><Tax Amount="343.94" /></Taxes><TotalFare Amount="5390.82" /></Totals></ItinTotalFare><PassengerTypeQuantity Code="ADT" Quantity="01" /><PTC_FareBreakdown><Endorsements><Endorsement type="PRICING_PARAMETER"><Text>WPNCB$S1*BRSE$S2*BRSE$S3*BRSE$S4*BRSE$S5*BRSE$P1ADT$RQ</Text></Endorsement><Endorsement type="WARNING"><Text>VALIDATING CARRIER - JJ</Text></Endorsement><Endorsement type="SYSTEM_ENDORSEMENT"><Text>NONEND-REF/CHG SEE PENALTY</Text></Endorsement></Endorsements><FareBasis Code="XHESE40E/XHESE40E/XHESE40E/XHESE40E/XHESE40E" /><FareCalculation><Text>CWB LA X/SAO LA LIS IB MAD M650.00/-BCN LA X/SAO LA CWB M670.00NUC1320.00END ROE1.00</Text></FareCalculation><FareSource>ATPC</FareSource><FlightSegment ConnectionInd="O" DepartureDateTime="12-27T10:10" FlightNumber="3515" ResBookDesigCode="Y" SegmentNumber="1" Status="HK"><BaggageAllowance Number="01P" /><FareBasis Code="XHESE40E" /><MarketingAirline Code="LA" FlightNumber="3515" /><OriginLocation LocationCode="CWB" /><ValidityDates><NotValidAfter>2019-12-27</NotValidAfter><NotValidBefore>2019-12-27</NotValidBefore></ValidityDates></FlightSegment><FlightSegment ConnectionInd="X" DepartureDateTime="12-27T17:35" FlightNumber="8146" ResBookDesigCode="X" SegmentNumber="2" Status="HK"><BaggageAllowance Number="01P" /><FareBasis Code="XHESE40E" /><MarketingAirline Code="LA" FlightNumber="8146" /><OriginLocation LocationCode="GRU" /><ValidityDates><NotValidAfter>2019-12-27</NotValidAfter><NotValidBefore>2019-12-27</NotValidBefore></ValidityDates></FlightSegment><FlightSegment ConnectionInd="O" DepartureDateTime="12-31T12:30" FlightNumber="3109" ResBookDesigCode="S" SegmentNumber="3" Status="HK"><BaggageAllowance Number="01P" /><FareBasis Code="XHESE40E" /><MarketingAirline Code="IB" FlightNumber="3109" /><OriginLocation LocationCode="LIS" /><ValidityDates><NotValidAfter>2019-12-31</NotValidAfter><NotValidBefore>2019-12-31</NotValidBefore></ValidityDates></FlightSegment><FlightSegment SegmentNumber="4"><FareBasis Code="VOID" /><OriginLocation LocationCode="MAD" /></FlightSegment><FlightSegment ConnectionInd="O" DepartureDateTime="01-05T11:20" FlightNumber="8115" ResBookDesigCode="X" SegmentNumber="4" Status="HK"><BaggageAllowance Number="01P" /><FareBasis Code="XHESE40E" /><MarketingAirline Code="LA" FlightNumber="8115" /><OriginLocation LocationCode="BCN" /><ValidityDates><NotValidAfter>2020-01-05</NotValidAfter><NotValidBefore>2020-01-05</NotValidBefore></ValidityDates></FlightSegment><FlightSegment ConnectionInd="X" DepartureDateTime="01-05T20:25" FlightNumber="3850" ResBookDesigCode="Y" SegmentNumber="5" Status="HK"><BaggageAllowance Number="01P" /><FareBasis Code="XHESE40E" /><MarketingAirline Code="LA" FlightNumber="3850" /><OriginLocation LocationCode="GRU" /><ValidityDates><NotValidAfter>2020-01-05</NotValidAfter><NotValidBefore>2020-01-05</NotValidBefore></ValidityDates></FlightSegment><FlightSegment><OriginLocation LocationCode="CWB" /></FlightSegment><ResTicketingRestrictions>LAST DAY TO PURCHASE 28JUN/1100</ResTicketingRestrictions><ResTicketingRestrictions>GUARANTEED FARE APPL IF PURCHASED BEFORE 28JUN</ResTicketingRestrictions></PTC_FareBreakdown></AirItineraryPricingInfo></PricedItinerary><ResponseHeader><Text>FARE - PRICE RETAINED</Text><Text>FARE NOT GUARANTEED UNTIL TICKETED</Text></ResponseHeader><PriceQuotePlus DomesticIntlInd="I" PricingStatus="S" VerifyFareCalc="false" ItineraryChanged="true" ManualFare="false" NegotiatedFare="false" SystemIndicator="S" NUCSuppresion="false" SubjToGovtApproval="false" IT_BT_Fare="BT" DisplayOnly="false" DiscountAmount="0"><PassengerInfo><PassengerData NameNumber="01.01">SANDANO/JULIANA COELHO DE SOUZA MRS</PassengerData></PassengerInfo><TicketingInstructionsInfo /></PriceQuotePlus></PriceQuote><PriceQuote RPH="2"><MiscInformation><SignatureLine ExpirationDateTime="00:00" PQR_Ind="Y" Source="SYS" Status="ACTIVE"><Text>V1SG V1SG*AFC 1726/20NOV19</Text></SignatureLine></MiscInformation><PricedItinerary DisplayOnly="false" InputMessage="WFRF" RPH="2" StatusCode="A" TaxExempt="false" ValidatingCarrier="JJ"><AirItineraryPricingInfo><ItinTotalFare><BaseFare Amount="1730.00" CurrencyCode="USD" /><EquivFare Amount="7280.53" CurrencyCode="BRL" /><Taxes><Tax Amount="291.61" TaxCode="XT" /><TaxBreakdownCode TaxPaid="false">121.88BR</TaxBreakdownCode><TaxBreakdownCode TaxPaid="false">16.06PT</TaxBreakdownCode><TaxBreakdownCode TaxPaid="false">53.92YP</TaxBreakdownCode><TaxBreakdownCode TaxPaid="false">80.73JD</TaxBreakdownCode><TaxBreakdownCode TaxPaid="false">16.20QV</TaxBreakdownCode><TaxBreakdownCode TaxPaid="false">2.82OG</TaxBreakdownCode><TaxBreakdownCode TaxPaid="false">631.26OD</TaxBreakdownCode></Taxes><TotalFare Amount="7572.14" CurrencyCode="BRL" /><Totals><BaseFare Amount="1730.00" /><EquivFare Amount="7280.53" /><Taxes><Tax Amount="291.61" /></Taxes><TotalFare Amount="7572.14" /></Totals></ItinTotalFare><PassengerTypeQuantity Code="ADT" Quantity="01" /><PTC_FareBreakdown><Endorsements><Endorsement type="PRICING_PARAMETER"><Text>WFRF</Text></Endorsement><Endorsement type="WARNING"><Text>VALIDATING CARRIER SPECIFIED - JJ</Text></Endorsement><Endorsement type="SYSTEM_ENDORSEMENT"><Text>NONEND-REF/CHG SEE PENALTY</Text></Endorsement></Endorsements><FareBasis Code="MHESE00E/MHESE00E/VHESL00E" /><FareCalculation><Text>SAO LA LIS IB MAD M985.00/-BCN LA SAO745.00NUC1730.00END ROE1.00</Text></FareCalculation><FlightSegment ConnectionInd="O" DepartureDateTime="12-27T17:30" FlightNumber="8146" ResBookDesigCode="M" SegmentNumber="0" Status="OK"><BaggageAllowance Number="01P" /><FareBasis Code="MHESE00E" /><MarketingAirline Code="LA" FlightNumber="8146" /><OriginLocation LocationCode="GRU" /><ValidityDates><NotValidAfter>2019-12-27</NotValidAfter><NotValidBefore>2019-12-27</NotValidBefore></ValidityDates></FlightSegment><FlightSegment ConnectionInd="O" DepartureDateTime="12-31T12:30" FlightNumber="3109" ResBookDesigCode="M" SegmentNumber="0" Status="OK"><BaggageAllowance Number="01P" /><FareBasis Code="MHESE00E" /><MarketingAirline Code="IB" FlightNumber="3109" /><OriginLocation LocationCode="LIS" /><ValidityDates><NotValidAfter>2019-12-31</NotValidAfter><NotValidBefore>2019-12-31</NotValidBefore></ValidityDates></FlightSegment><FlightSegment SegmentNumber="3"><FareBasis Code="VOID" /><OriginLocation LocationCode="MAD" /></FlightSegment><FlightSegment ConnectionInd="O" DepartureDateTime="01-05T11:20" FlightNumber="8115" ResBookDesigCode="V" SegmentNumber="0" Status="OK"><BaggageAllowance Number="L" /><FareBasis Code="VHESL00E" /><MarketingAirline Code="LA" FlightNumber="8115" /><OriginLocation LocationCode="BCN" /><ValidityDates><NotValidAfter>2020-01-05</NotValidAfter><NotValidBefore>2020-01-05</NotValidBefore></ValidityDates></FlightSegment><FlightSegment><OriginLocation LocationCode="GRU" /></FlightSegment><ResTicketingRestrictions>LAST DAY TO PURCHASE 23NOV/2359</ResTicketingRestrictions><ResTicketingRestrictions>GUARANTEED FARE APPL IF PURCHASED BEFORE 23NOV</ResTicketingRestrictions></PTC_FareBreakdown></AirItineraryPricingInfo></PricedItinerary><ResponseHeader><Text>FARE - PRICE RETAINED</Text><Text>FARE NOT GUARANTEED UNTIL TICKETED</Text></ResponseHeader><PriceQuotePlus DomesticIntlInd="I" PricingStatus="S" VerifyFareCalc="false" ItineraryChanged="false" ManualFare="false" NegotiatedFare="false" SystemIndicator="S" NUCSuppresion="false" SubjToGovtApproval="false" IT_BT_Fare="BT" DisplayOnly="false" DiscountAmount="0"><PassengerInfo><PassengerData NameNumber="01.01">SANDANO/JULIANA COELHO DE SOUZA MRS</PassengerData></PassengerInfo><TicketingInstructionsInfo /></PriceQuotePlus></PriceQuote><PriceQuote RPH="3"><MiscInformation><SignatureLine CommissionAmount="0.00" CommissionID="P" ExpirationDateTime="00:00" PQR_Ind="Y" Source="SYS" Status="ACTIVE"><Text>V1SG V1SG*AFC 1729/20NOV19</Text></SignatureLine></MiscInformation><PricedItinerary DisplayOnly="false" InputMessage="WFRF" RPH="3" StatusCode="A" TaxExempt="false" ValidatingCarrier="JJ"><AirItineraryPricingInfo><ItinTotalFare><BaseFare Amount="1780.00" CurrencyCode="USD" /><EquivFare Amount="7490.95" CurrencyCode="BRL" /><Taxes><Tax Amount="291.61" TaxCode="XT" /><TaxBreakdownCode TaxPaid="false">121.88BR</TaxBreakdownCode><TaxBreakdownCode TaxPaid="false">16.06PT</TaxBreakdownCode><TaxBreakdownCode TaxPaid="false">53.92YP</TaxBreakdownCode><TaxBreakdownCode TaxPaid="false">80.73JD</TaxBreakdownCode><TaxBreakdownCode TaxPaid="false">16.20QV</TaxBreakdownCode><TaxBreakdownCode TaxPaid="false">2.82OG</TaxBreakdownCode><TaxBreakdownCode TaxPaid="false">631.26OD</TaxBreakdownCode></Taxes><TotalFare Amount="7782.56" CurrencyCode="BRL" /><Totals><BaseFare Amount="1780.00" /><EquivFare Amount="7490.95" /><Taxes><Tax Amount="291.61" /></Taxes><TotalFare Amount="7782.56" /></Totals></ItinTotalFare><PassengerTypeQuantity Code="ADT" Quantity="01" /><PTC_FareBreakdown><Endorsements><Endorsement type="PRICING_PARAMETER"><Text>WFRF</Text></Endorsement><Endorsement type="WARNING"><Text>VALIDATING CARRIER SPECIFIED - JJ</Text></Endorsement><Endorsement type="SYSTEM_ENDORSEMENT"><Text>NONEND-REF/CHG SEE PENALTY</Text></Endorsement></Endorsements><FareBasis Code="MHESE00E/MHESE00E/VHESE00E" /><FareCalculation><Text>SAO LA LIS IB MAD M985.00/-BCN LA SAO795.00NUC1780.00END ROE1.00</Text></FareCalculation><FlightSegment ConnectionInd="O" DepartureDateTime="12-27T17:30" FlightNumber="8146" ResBookDesigCode="M" SegmentNumber="0" Status="OK"><BaggageAllowance Number="01P" /><FareBasis Code="MHESE00E" /><MarketingAirline Code="LA" FlightNumber="8146" /><OriginLocation LocationCode="GRU" /><ValidityDates><NotValidAfter>2019-12-27</NotValidAfter><NotValidBefore>2019-12-27</NotValidBefore></ValidityDates></FlightSegment><FlightSegment ConnectionInd="O" DepartureDateTime="12-31T12:30" FlightNumber="3109" ResBookDesigCode="M" SegmentNumber="0" Status="OK"><BaggageAllowance Number="01P" /><FareBasis Code="MHESE00E" /><MarketingAirline Code="IB" FlightNumber="3109" /><OriginLocation LocationCode="LIS" /><ValidityDates><NotValidAfter>2019-12-31</NotValidAfter><NotValidBefore>2019-12-31</NotValidBefore></ValidityDates></FlightSegment><FlightSegment SegmentNumber="3"><FareBasis Code="VOID" /><OriginLocation LocationCode="MAD" /></FlightSegment><FlightSegment ConnectionInd="O" DepartureDateTime="01-05T11:20" FlightNumber="8115" ResBookDesigCode="V" SegmentNumber="0" Status="OK"><BaggageAllowance Number="01P" /><FareBasis Code="VHESE00E" /><MarketingAirline Code="LA" FlightNumber="8115" /><OriginLocation LocationCode="BCN" /><ValidityDates><NotValidAfter>2020-01-05</NotValidAfter><NotValidBefore>2020-01-05</NotValidBefore></ValidityDates></FlightSegment><FlightSegment><OriginLocation LocationCode="GRU" /></FlightSegment><ResTicketingRestrictions>LAST DAY TO PURCHASE 23NOV/2359</ResTicketingRestrictions><ResTicketingRestrictions>GUARANTEED FARE APPL IF PURCHASED BEFORE 23NOV</ResTicketingRestrictions></PTC_FareBreakdown></AirItineraryPricingInfo></PricedItinerary><ResponseHeader><Text>FARE - PRICE RETAINED</Text><Text>FARE NOT GUARANTEED UNTIL TICKETED</Text></ResponseHeader><PriceQuotePlus DomesticIntlInd="I" PricingStatus="S" VerifyFareCalc="false" ItineraryChanged="false" ManualFare="false" NegotiatedFare="false" SystemIndicator="S" NUCSuppresion="false" SubjToGovtApproval="false" IT_BT_Fare="BT" DisplayOnly="false" DiscountAmount="0"><PassengerInfo><PassengerData NameNumber="01.01">SANDANO/JULIANA COELHO DE SOUZA MRS</PassengerData></PassengerInfo><TicketingInstructionsInfo /></PriceQuotePlus></PriceQuote><PriceQuote RPH="4"><MiscInformation><SignatureLine ExpirationDateTime="00:00" Source="SYS" Status="HISTORY"><Text>V1SG V1SG*AMC 1101/25JUN19</Text></SignatureLine></MiscInformation><PricedItinerary DisplayOnly="false" InputMessage="WPAC*TOUR2?NCB" RPH="1" StatusCode="A" TaxExempt="false" ValidatingCarrier="JJ"><AirItineraryPricingInfo><ItinTotalFare><BaseFare Amount="1270.00" CurrencyCode="USD" /><EquivFare Amount="4855.71" CurrencyCode="BRL" /><Taxes><Tax Amount="343.94" TaxCode="XT" /><TaxBreakdownCode TaxPaid="false">184.45BR</TaxBreakdownCode><TaxBreakdownCode TaxPaid="false">15.09PT</TaxBreakdownCode><TaxBreakdownCode TaxPaid="false">50.67YP</TaxBreakdownCode><TaxBreakdownCode TaxPaid="false">75.86JD</TaxBreakdownCode><TaxBreakdownCode TaxPaid="false">15.22QV</TaxBreakdownCode><TaxBreakdownCode TaxPaid="false">2.65OG</TaxBreakdownCode></Taxes><TotalFare Amount="5199.65" CurrencyCode="BRL" /><Totals><BaseFare Amount="1270.00" /><EquivFare Amount="4855.71" /><Taxes><Tax Amount="343.94" /></Taxes><TotalFare Amount="5199.65" /></Totals></ItinTotalFare><PassengerTypeQuantity Code="ADT" Quantity="01" /><PTC_FareBreakdown><Endorsements><Endorsement type="PRICING_PARAMETER"><Text>WPAC*TOUR2$NCB</Text></Endorsement><Endorsement type="WARNING"><Text>VALIDATING CARRIER - JJ</Text></Endorsement><Endorsement type="SYSTEM_ENDORSEMENT"><Text>NONEND-REF/CHG SEE PENALTY</Text></Endorsement></Endorsements><FareBasis Code="XHESE40E/XHESE40E/XHESE40E/XHESL40E/XHESL40E" /><FareCalculation><Text>CWB LA X/SAO LA LIS IB MAD M650.00/-BCN LA X/SAO LA CWB M620.00NUC1270.00END ROE1.00</Text></FareCalculation><FareSource>ATPC</FareSource><FlightSegment ConnectionInd="O" DepartureDateTime="12-27T10:10" FlightNumber="3515" ResBookDesigCode="Y" SegmentNumber="1" Status="HK"><BaggageAllowance Number="01P" /><FareBasis Code="XHESE40E" /><MarketingAirline Code="LA" FlightNumber="3515" /><OriginLocation LocationCode="CWB" /><ValidityDates><NotValidAfter>2019-12-27</NotValidAfter><NotValidBefore>2019-12-27</NotValidBefore></ValidityDates></FlightSegment><FlightSegment ConnectionInd="X" DepartureDateTime="12-27T17:35" FlightNumber="8146" ResBookDesigCode="X" SegmentNumber="2" Status="HK"><BaggageAllowance Number="01P" /><FareBasis Code="XHESE40E" /><MarketingAirline Code="LA" FlightNumber="8146" /><OriginLocation LocationCode="GRU" /><ValidityDates><NotValidAfter>2019-12-27</NotValidAfter><NotValidBefore>2019-12-27</NotValidBefore></ValidityDates></FlightSegment><FlightSegment ConnectionInd="O" DepartureDateTime="12-31T12:30" FlightNumber="3109" ResBookDesigCode="S" SegmentNumber="3" Status="HK"><BaggageAllowance Number="01P" /><FareBasis Code="XHESE40E" /><MarketingAirline Code="IB" FlightNumber="3109" /><OriginLocation LocationCode="LIS" /><ValidityDates><NotValidAfter>2019-12-31</NotValidAfter><NotValidBefore>2019-12-31</NotValidBefore></ValidityDates></FlightSegment><FlightSegment SegmentNumber="4"><FareBasis Code="VOID" /><OriginLocation LocationCode="MAD" /></FlightSegment><FlightSegment ConnectionInd="O" DepartureDateTime="01-05T11:20" FlightNumber="8115" ResBookDesigCode="X" SegmentNumber="4" Status="HK"><BaggageAllowance Number="NIL" /><FareBasis Code="XHESL40E" /><MarketingAirline Code="LA" FlightNumber="8115" /><OriginLocation LocationCode="BCN" /><ValidityDates><NotValidAfter>2020-01-05</NotValidAfter><NotValidBefore>2020-01-05</NotValidBefore></ValidityDates></FlightSegment><FlightSegment ConnectionInd="X" DepartureDateTime="01-05T20:25" FlightNumber="3850" ResBookDesigCode="Y" SegmentNumber="5" Status="HK"><BaggageAllowance Number="NIL" /><FareBasis Code="XHESL40E" /><MarketingAirline Code="LA" FlightNumber="3850" /><OriginLocation LocationCode="GRU" /><ValidityDates><NotValidAfter>2020-01-05</NotValidAfter><NotValidBefore>2020-01-05</NotValidBefore></ValidityDates></FlightSegment><FlightSegment><OriginLocation LocationCode="CWB" /></FlightSegment><ResTicketingRestrictions>LAST DAY TO PURCHASE 28JUN/1100</ResTicketingRestrictions><ResTicketingRestrictions>GUARANTEED FARE APPL IF PURCHASED BEFORE 28JUN</ResTicketingRestrictions></PTC_FareBreakdown></AirItineraryPricingInfo></PricedItinerary><ResponseHeader><Text>FARE - PRICE RETAINED</Text><Text>FARE NOT GUARANTEED UNTIL TICKETED</Text></ResponseHeader><PriceQuotePlus DomesticIntlInd="I" PricingStatus="S" VerifyFareCalc="false" ItineraryChanged="false" ManualFare="false" NegotiatedFare="false" SystemIndicator="S" NUCSuppresion="false" SubjToGovtApproval="false" IT_BT_Fare="BT" DisplayOnly="false" DiscountAmount="0"><TicketingInstructionsInfo /></PriceQuotePlus></PriceQuote><PriceQuote RPH="5"><MiscInformation><SignatureLine ExpirationDateTime="00:00" Source="SYS" Status="HISTORY"><Text>V1SG V1SG*AMC 1148/25JUN19</Text></SignatureLine></MiscInformation><PricedItinerary DisplayOnly="false" InputMessage="WPNCB?S1*BRSE?S2*BRSE?S3*BRSE?S4*BRSE?S5*BRSE?P1ADT?RQ" RPH="1" StatusCode="A" TaxExempt="false" ValidatingCarrier="JJ"><AirItineraryPricingInfo><ItinTotalFare><BaseFare Amount="1320.00" CurrencyCode="USD" /><EquivFare Amount="5046.88" CurrencyCode="BRL" /><Taxes><Tax Amount="343.94" TaxCode="XT" /><TaxBreakdownCode TaxPaid="false">184.45BR</TaxBreakdownCode><TaxBreakdownCode TaxPaid="false">15.09PT</TaxBreakdownCode><TaxBreakdownCode TaxPaid="false">50.67YP</TaxBreakdownCode><TaxBreakdownCode TaxPaid="false">75.86JD</TaxBreakdownCode><TaxBreakdownCode TaxPaid="false">15.22QV</TaxBreakdownCode><TaxBreakdownCode TaxPaid="false">2.65OG</TaxBreakdownCode></Taxes><TotalFare Amount="5390.82" CurrencyCode="BRL" /><Totals><BaseFare Amount="1320.00" /><EquivFare Amount="5046.88" /><Taxes><Tax Amount="343.94" /></Taxes><TotalFare Amount="5390.82" /></Totals></ItinTotalFare><PassengerTypeQuantity Code="ADT" Quantity="01" /><PTC_FareBreakdown><Endorsements><Endorsement type="PRICING_PARAMETER"><Text>WPNCB$S1*BRSE$S2*BRSE$S3*BRSE$S4*BRSE$S5*BRSE$P1ADT$RQ</Text></Endorsement><Endorsement type="WARNING"><Text>VALIDATING CARRIER - JJ</Text></Endorsement><Endorsement type="SYSTEM_ENDORSEMENT"><Text>NONEND-REF/CHG SEE PENALTY</Text></Endorsement></Endorsements><FareBasis Code="XHESE40E/XHESE40E/XHESE40E/XHESE40E/XHESE40E" /><FareCalculation><Text>CWB LA X/SAO LA LIS IB MAD M650.00/-BCN LA X/SAO LA CWB M670.00NUC1320.00END ROE1.00</Text></FareCalculation><FareSource>ATPC</FareSource><FlightSegment ConnectionInd="O" DepartureDateTime="12-27T10:10" FlightNumber="3515" ResBookDesigCode="Y" SegmentNumber="1" Status="HK"><BaggageAllowance Number="01P" /><FareBasis Code="XHESE40E" /><MarketingAirline Code="LA" FlightNumber="3515" /><OriginLocation LocationCode="CWB" /><ValidityDates><NotValidAfter>2019-12-27</NotValidAfter><NotValidBefore>2019-12-27</NotValidBefore></ValidityDates></FlightSegment><FlightSegment ConnectionInd="X" DepartureDateTime="12-27T17:35" FlightNumber="8146" ResBookDesigCode="X" SegmentNumber="2" Status="HK"><BaggageAllowance Number="01P" /><FareBasis Code="XHESE40E" /><MarketingAirline Code="LA" FlightNumber="8146" /><OriginLocation LocationCode="GRU" /><ValidityDates><NotValidAfter>2019-12-27</NotValidAfter><NotValidBefore>2019-12-27</NotValidBefore></ValidityDates></FlightSegment><FlightSegment ConnectionInd="O" DepartureDateTime="12-31T12:30" FlightNumber="3109" ResBookDesigCode="S" SegmentNumber="3" Status="HK"><BaggageAllowance Number="01P" /><FareBasis Code="XHESE40E" /><MarketingAirline Code="IB" FlightNumber="3109" /><OriginLocation LocationCode="LIS" /><ValidityDates><NotValidAfter>2019-12-31</NotValidAfter><NotValidBefore>2019-12-31</NotValidBefore></ValidityDates></FlightSegment><FlightSegment SegmentNumber="4"><FareBasis Code="VOID" /><OriginLocation LocationCode="MAD" /></FlightSegment><FlightSegment ConnectionInd="O" DepartureDateTime="01-05T11:20" FlightNumber="8115" ResBookDesigCode="X" SegmentNumber="4" Status="HK"><BaggageAllowance Number="01P" /><FareBasis Code="XHESE40E" /><MarketingAirline Code="LA" FlightNumber="8115" /><OriginLocation LocationCode="BCN" /><ValidityDates><NotValidAfter>2020-01-05</NotValidAfter><NotValidBefore>2020-01-05</NotValidBefore></ValidityDates></FlightSegment><FlightSegment ConnectionInd="X" DepartureDateTime="01-05T20:25" FlightNumber="3850" ResBookDesigCode="Y" SegmentNumber="5" Status="HK"><BaggageAllowance Number="01P" /><FareBasis Code="XHESE40E" /><MarketingAirline Code="LA" FlightNumber="3850" /><OriginLocation LocationCode="GRU" /><ValidityDates><NotValidAfter>2020-01-05</NotValidAfter><NotValidBefore>2020-01-05</NotValidBefore></ValidityDates></FlightSegment><FlightSegment><OriginLocation LocationCode="CWB" /></FlightSegment><ResTicketingRestrictions>LAST DAY TO PURCHASE 28JUN/1100</ResTicketingRestrictions><ResTicketingRestrictions>GUARANTEED FARE APPL IF PURCHASED BEFORE 28JUN</ResTicketingRestrictions></PTC_FareBreakdown></AirItineraryPricingInfo></PricedItinerary><ResponseHeader><Text>FARE - PRICE RETAINED</Text><Text>FARE USED TO CALCULATE DISCOUNT</Text><Text>FARE NOT GUARANTEED UNTIL TICKETED</Text></ResponseHeader><PriceQuotePlus DomesticIntlInd="I" PricingStatus="S" VerifyFareCalc="false" ItineraryChanged="false" ManualFare="false" NegotiatedFare="false" SystemIndicator="S" NUCSuppresion="false" SubjToGovtApproval="false" IT_BT_Fare="BT" DisplayOnly="false" DiscountAmount="0"><TicketingInstructionsInfo /></PriceQuotePlus></PriceQuote><PriceQuoteTotals><BaseFare Amount="4830.00" /><EquivFare Amount="19818.36" /><Taxes><Tax Amount="927.16" /></Taxes><TotalFare Amount="20745.52" /></PriceQuoteTotals></ItineraryPricing><ReservationItems><Item RPH="1"><FlightSegment AirMilesFlown="4915" ArrivalDateTime="12-28T06:35" DayOfWeekInd="5" DepartureDateTime="2019-12-27T17:30" ElapsedTime="10.05" eTicket="true" FlightNumber="8146" NumberInParty="01" ResBookDesigCode="M" SegmentNumber="0001" SmokingAllowed="false" SpecialMeal="false" Status="HK" StopQuantity="00" IsPast="false"><DestinationLocation LocationCode="LIS" Terminal="TERMINAL 1" TerminalCode="1" /><Equipment AirEquipType="763" /><MarketingAirline Code="LA" FlightNumber="8146" /><Meal Code="D" /><Meal Code="B" /><OperatingAirline Code="LA" CompanyShortName="LATAM AIRLINES BRASIL" FlightNumber="8146" /><OriginLocation LocationCode="GRU" Terminal="TERMINAL 3" TerminalCode="3" /><SupplierRef ID="DCLA*IODWPF" /><Text>OPERATED BY LATAM AIRLINES BRASIL</Text><UpdatedArrivalTime>12-28T06:35</UpdatedArrivalTime><UpdatedDepartureTime>12-27T17:30</UpdatedDepartureTime></FlightSegment></Item><Item RPH="2"><FlightSegment AirMilesFlown="0319" ArrivalDateTime="12-31T14:55" DayOfWeekInd="2" DepartureDateTime="2019-12-31T12:30" ElapsedTime="01.25" eTicket="true" FlightNumber="3109" NumberInParty="01" ResBookDesigCode="M" SegmentNumber="0002" SmokingAllowed="false" SpecialMeal="false" Status="HK" StopQuantity="00" IsPast="false"><DestinationLocation LocationCode="MAD" Terminal="TERMINAL 4" TerminalCode="4" /><Equipment AirEquipType="32A" /><MarketingAirline Code="IB" FlightNumber="3109" /><Meal Code="G" /><OriginLocation LocationCode="LIS" Terminal="TERMINAL 1" TerminalCode="1" /><SupplierRef ID="DCIB*L5A3DN" /><UpdatedArrivalTime>12-31T14:55</UpdatedArrivalTime><UpdatedDepartureTime>12-31T12:30</UpdatedDepartureTime></FlightSegment></Item><Item RPH="3"><Arunk SegmentNumber="0003" Type="ARNK" /></Item><Item RPH="4"><FlightSegment AirMilesFlown="5433" ArrivalDateTime="01-05T19:05" DayOfWeekInd="7" DepartureDateTime="2020-01-05T11:20" ElapsedTime="11.45" eTicket="true" FlightNumber="8115" NumberInParty="01" ResBookDesigCode="V" SegmentNumber="0004" SmokingAllowed="false" SpecialMeal="false" Status="HK" StopQuantity="00" IsPast="false"><DestinationLocation LocationCode="GRU" Terminal="TERMINAL 3" TerminalCode="3" /><Equipment AirEquipType="763" /><MarketingAirline Code="LA" FlightNumber="8115" /><Meal Code="L" /><Meal Code="D" /><OperatingAirline Code="LA" CompanyShortName="LATAM AIRLINES BRASIL" FlightNumber="8115" /><OriginLocation LocationCode="BCN" Terminal="TERMINAL 1" TerminalCode="1" /><SupplierRef ID="DCLA*IODWPF" /><Text>OPERATED BY LATAM AIRLINES BRASIL</Text><UpdatedArrivalTime>01-05T19:05</UpdatedArrivalTime><UpdatedDepartureTime>01-05T11:20</UpdatedDepartureTime></FlightSegment></Item><Item RPH="5"><MiscSegment DayOfWeekInd="5" DepartureDateTime="05-01" NumberInParty="01" SegmentNumber="0005" Status="GK" Type="OTH" IsPast="false"><OriginLocation LocationCode="CWB" /><Vendor Code="YY" /></MiscSegment></Item></ReservationItems><Ticketing RPH="01" TicketTimeLimit="T-20NOV-V1SG*AFC" /><Ticketing eTicketNumber="TE 9572390305949/50-1Y SANDA/J V1SG*AWS 1518/25JUN*I" RPH="02" /><Ticketing eTicketNumber="TE 9572392394047-1Y SANDA/J V1SG*AFC 1758/20NOV*I" RPH="03" /></ItineraryInfo><ItineraryRef AirExtras="false" ID="SSHVTJ" InhibitCode="U" PartitionID="AA" PrimeHostID="1S"><Header>PRICE QUOTE RECORD EXISTS - SYSTEM</Header><Source AAA_PseudoCityCode="V1SG" CreateDateTime="2019-06-25T09:00" CreationAgent="AMC" HomePseudoCityCode="V1SG" PseudoCityCode="V1SG" ReceivedFrom="MARCELO" LastUpdateDateTime="2019-11-20T15:10" SequenceNumber="17" /></ItineraryRef><RemarkInfo><Remark RPH="001" Type="Itinerary"><Text>**************** PREZADO CLIENTE *****************</Text></Remark><Remark RPH="002" Type="Itinerary"><Text>***** VISUALIZE SEU ITINERARIO PELA INTERNET *****</Text></Remark><Remark RPH="003" Type="Itinerary"><Text>****** ACESSE O SITE TRIPCASE.COM ******</Text></Remark><Remark RPH="004" Type="Itinerary"><Text>*** INFORME SEU CODIGO DE RESERVA E SOBRENOME ****</Text></Remark><Remark RPH="005" Type="Itinerary"><Text>******************* BOA VIAGEM *******************</Text></Remark><Remark RPH="006" Type="Historical"><Text>ASD/VJ/PNR/TRAVELENGINE</Text></Remark><Remark RPH="007" Type="General"><Text>XXTAW/27JUN</Text></Remark><Remark RPH="008" Type="Historical"><Text>AEBT/9572392394047/V1SG*AFC/V1SG*AFC</Text></Remark></RemarkInfo><SpecialServiceInfo RPH="001" Type="AFX"><Service SSR_Code="SSR" SSR_Type="OTHS"><Text>1S PLS ADV TKT NBR BEFORE 28JUN19 1100 CWB LT OR AUTO CNL</Text></Service></SpecialServiceInfo><SpecialServiceInfo RPH="002" Type="AFX"><Service SSR_Code="OSI"><Text>1S *** PREV TIME FOR LA3515Y 27DEC CWBGRU 1010A 1120A</Text></Service></SpecialServiceInfo><SpecialServiceInfo RPH="003" Type="AFX"><Service SSR_Code="OSI"><Text>1S *** PREV TIME FOR LA8146X 27DEC GRULIS  535P  635A</Text></Service></SpecialServiceInfo><SpecialServiceInfo RPH="004" Type="AFX"><Service SSR_Code="OSI"><Text>1S *** PREV TIME FOR LA3850Y 05JAN GRUCWB  825P  935P</Text></Service></SpecialServiceInfo><SpecialServiceInfo RPH="001" Type="GFX"><Service SSR_Code="SSR" SSR_Type="TKNE"><Airline Code="LA" /><PersonName NameNumber="01.01">SANDANO/JULIANA COELHO DE SOUZA MRS</PersonName><Text>HK1 GRULIS8146M27DEC/9572392394047C1</Text></Service></SpecialServiceInfo><SpecialServiceInfo RPH="002" Type="GFX"><Service SSR_Code="SSR" SSR_Type="TKNE"><Airline Code="IB" /><PersonName NameNumber="01.01">SANDANO/JULIANA COELHO DE SOUZA MRS</PersonName><Text>HK1 LISMAD3109M31DEC/9572392394047C2</Text></Service></SpecialServiceInfo><SpecialServiceInfo RPH="003" Type="GFX"><Service SSR_Code="SSR" SSR_Type="TKNE"><Airline Code="LA" /><PersonName NameNumber="01.01">SANDANO/JULIANA COELHO DE SOUZA MRS</PersonName><Text>HK1 BCNGRU8115V05JAN/9572392394047C4</Text></Service></SpecialServiceInfo></TravelItinerary></TravelItineraryReadRS></PassengerDetailsRS>