<eTicketCouponRS xmlns:xsd="http://www.w3.org/2001/XMLSchema" xmlns:xsi="http://www.w3.org/2001/XMLSchema-instance" Version="2.0.0"><ApplicationResults xmlns="http://services.sabre.com/STL/v01" status="Complete"><Success timeStamp="2019-11-21T08:30:51-03:00" /></ApplicationResults><TicketingInfos xmlns="http://webservices.sabre.com/sabreXML/2011/10"><TicketingInfo><Ticketing AgencyCity="CWB" AgentWorkArea="A" IATA_Number="57519582" IssuingAgent="AWS*" PrimeHostID="1S" PseudoCityCode="V1SG" TransactionDateTime="2019-11-21T08:30"><CouponData ConjunctiveTicketNumbers="-50" InformationSource="S" IssueDate="2019-06-25" NumBooklets="2" TicketMedia="E" TicketMode="0"><AirItineraryPricingInfo><Endorsements><Text>NONEND-REF/CHG SEE PENALTY</Text></Endorsements><FareCalculation><Text>CWB LA X/SAO LA LIS IB MAD M650.00/-BCN LA X/SAO LA CWB M670.00NUC1320.00END ROE1.00</Text></FareCalculation><ItinTotalFare><BaseFare Amount="1320.00" CurrencyCode="USD" /><EquivFare Amount="5046.88" CurrencyCode="BRL" /><Taxes Total="343.94"><Tax Amount="184.45" TaxCode="BR" /><Tax Amount="15.09" TaxCode="PT" /><Tax Amount="50.67" TaxCode="YP" /><Tax Amount="75.86" TaxCode="JD" /><Tax Amount="15.22" TaxCode="QV" /><Tax Amount="2.65" TaxCode="OG" /></Taxes><TotalFare Amount="5390.82" CurrencyCode="BRL" /></ItinTotalFare><PassengerTypeQuantity Code="ADT" /></AirItineraryPricingInfo><Coupons><Coupon CodedStatus="OK" Number="1" StatusCode="EXCH"><FlightSegment DepartureDateTime="2019-12-27T10:10" FlightNumber="3515" ResBookDesigCode="Y" RPH="1"><DestinationLocation LocationCode="GRU" /><FareBasis Code="XHESE40E" /><MarketingAirline Code="LA" FlightNumber="3515" /><OperatingAirline Code="LA" /><OriginLocation LocationCode="CWB" /></FlightSegment></Coupon><Coupon CodedStatus="OK" Number="2" StatusCode="EXCH"><FlightSegment ConnectionInd="X" DepartureDateTime="2019-12-27T17:35" FlightNumber="8146" ResBookDesigCode="X" RPH="2"><DestinationLocation LocationCode="LIS" /><FareBasis Code="XHESE40E" /><MarketingAirline Code="LA" FlightNumber="8146" /><OperatingAirline Code="LA" /><OriginLocation LocationCode="GRU" /></FlightSegment></Coupon><Coupon CodedStatus="OK" Number="3" StatusCode="EXCH"><FlightSegment ConnectionInd="O" DepartureDateTime="2019-12-31T12:30" FlightNumber="3109" ResBookDesigCode="S" RPH="3"><DestinationLocation LocationCode="MAD" /><FareBasis Code="XHESE40E" /><MarketingAirline Code="IB" FlightNumber="3109" /><OperatingAirline Code="IB" /><OriginLocation LocationCode="LIS" /></FlightSegment></Coupon><Coupon Number="4" /><Coupon CodedStatus="OK" Number="1" StatusCode="EXCH"><FlightSegment ConnectionInd="O" DepartureDateTime="2020-01-05T11:20" FlightNumber="8115" ResBookDesigCode="X" RPH="5"><DestinationLocation LocationCode="GRU" /><FareBasis Code="XHESE40E" /><MarketingAirline Code="LA" FlightNumber="8115" /><OperatingAirline Code="LA" /><OriginLocation LocationCode="BCN" /></FlightSegment></Coupon><Coupon CodedStatus="OK" Number="2" StatusCode="EXCH"><FlightSegment ConnectionInd="X" DepartureDateTime="2020-01-05T20:25" FlightNumber="3850" ResBookDesigCode="Y" RPH="6"><DestinationLocation LocationCode="CWB" /><FareBasis Code="XHESE40E" /><MarketingAirline Code="LA" FlightNumber="3850" /><OperatingAirline Code="LA" /><OriginLocation LocationCode="GRU" /></FlightSegment></Coupon></Coupons><CustomerInfo><Customer><Payment RPH="1" Type="CA"><Text>CASH</Text></Payment><PersonName PassengerType="ADT"><GivenName>JULIANA COELHO DE SOU</GivenName><Surname>SANDANO</Surname></PersonName></Customer></CustomerInfo><ItineraryRef ID="SSHVTJ" /></CouponData></Ticketing></TicketingInfo></TicketingInfos></eTicketCouponRS>