<eTicketCouponRS xmlns:xsd="http://www.w3.org/2001/XMLSchema" xmlns:xsi="http://www.w3.org/2001/XMLSchema-instance" Version="2.0.0"><ApplicationResults xmlns="http://services.sabre.com/STL/v01" status="Complete"><Success timeStamp="2019-11-21T08:30:51-03:00" /></ApplicationResults><TicketingInfos xmlns="http://webservices.sabre.com/sabreXML/2011/10"><TicketingInfo><Ticketing AgencyCity="CWB" AgentWorkArea="A" IATA_Number="57519582" IssuingAgent="AFC*" PrimeHostID="1S" PseudoCityCode="V1SG" TransactionDateTime="2019-11-21T08:30"><CouponData ExchangeInd="X" InformationSource="S" IssueDate="2019-11-20" NumBooklets="1" TicketMedia="E" TicketMode="0"><AirItineraryPricingInfo><Endorsements><Text>NONEND-REF/CHG SEE PENALTY</Text></Endorsements><FareCalculation><Text>SAO LA LIS IB MAD M985.00/-BCN LA SAO795.00NUC1780.00END ROE1.00</Text></FareCalculation><ItinTotalFare><BaseFare Amount="1780.00" CurrencyCode="USD" /><EquivFare Amount="BRL" CurrencyCode="BRL" /><Taxes Total="641.50"><Tax Amount="0.97" TaxCode="PT" /><Tax Amount="3.25" TaxCode="YP" /><Tax Amount="4.87" TaxCode="JD" /><Tax Amount="0.98" TaxCode="QV" /><Tax Amount="0.17" TaxCode="OG" /><Tax Amount="631.26" TaxCode="OD" /><Tax Amount="121.88" Paid="PD" TaxCode="BR" /><Tax Amount="15.09" Paid="PD" TaxCode="PT" /><Tax Amount="50.67" Paid="PD" TaxCode="YP" /><Tax Amount="75.86" Paid="PD" TaxCode="JD" /><Tax Amount="15.22" Paid="PD" TaxCode="QV" /><Tax Amount="2.65" Paid="PD" TaxCode="OG" /></Taxes><TotalFare Amount="2577.36A" CurrencyCode="BRL" /></ItinTotalFare><PassengerTypeQuantity Code="ADT" /></AirItineraryPricingInfo><Coupons><Coupon CodedStatus="OK" Number="1" StatusCode="OPEN"><FlightSegment DepartureDateTime="2019-12-27T17:30" FlightNumber="8146" ResBookDesigCode="M" RPH="1"><DestinationLocation LocationCode="LIS" /><FareBasis Code="MHESE00E" /><MarketingAirline Code="LA" FlightNumber="8146" /><OperatingAirline Code="LA" /><OriginLocation LocationCode="GRU" /></FlightSegment></Coupon><Coupon CodedStatus="OK" Number="2" StatusCode="OPEN"><FlightSegment ConnectionInd="O" DepartureDateTime="2019-12-31T12:30" FlightNumber="3109" ResBookDesigCode="M" RPH="2"><DestinationLocation LocationCode="MAD" /><FareBasis Code="MHESE00E" /><MarketingAirline Code="IB" FlightNumber="3109" /><OperatingAirline Code="IB" /><OriginLocation LocationCode="LIS" /></FlightSegment></Coupon><Coupon Number="3" /><Coupon CodedStatus="OK" Number="4" StatusCode="OPEN"><FlightSegment ConnectionInd="O" DepartureDateTime="2020-01-05T11:20" FlightNumber="8115" ResBookDesigCode="V" RPH="4"><DestinationLocation LocationCode="GRU" /><FareBasis Code="VHESE00E" /><MarketingAirline Code="LA" FlightNumber="8115" /><OperatingAirline Code="LA" /><OriginLocation LocationCode="BCN" /></FlightSegment></Coupon></Coupons><CustomerInfo><Customer><Payment RPH="1" Type="CA"><Text>CASH CASH</Text></Payment><PersonName PassengerType="ADT"><GivenName>JULIANA COELHO DE SOU</GivenName><Surname>SANDANO</Surname></PersonName></Customer></CustomerInfo><ItineraryRef ID="SSHVTJ" /></CouponData><ExchangeData><CouponData BoardPoint="CWB" CouponNumbers="123/12" IATA_Code="57519582" IssueDate="2019-06-25" OriginalTicketNumber="9572390305949"><Payment Type="CA" /></CouponData></ExchangeData></Ticketing></TicketingInfo></TicketingInfos></eTicketCouponRS>