<DisplayPriceQuoteRS xmlns:xsd="http://www.w3.org/2001/XMLSchema" xmlns:xsi="http://www.w3.org/2001/XMLSchema-instance" Version="2.2.0"><ApplicationResults xmlns="http://services.sabre.com/STL/v01" status="Complete"><Success timeStamp="2019-11-21T08:30:56-03:00" /></ApplicationResults><PriceQuoteReissue xmlns="http://webservices.sabre.com/sabreXML/2011/10" RPH="2"><MiscInformation><SignatureLine CreationAgent="AFC" CreateDateTime="2019-11-20T17:26" HomePseudoCityCode="V1SG" PseudoCityCode="V1SG" Source="SYS" /></MiscInformation><PricedItinerary InputMessage="WFRF"><AirItineraryPricingInfo><ExchangeDetails DocNumber="9572390305949/5" CurrencyCode="USD" PQR_Status="E" TicketValue="1320.00"><ChangeFeeInformation Amount="631.26">/FEE AS TAX</ChangeFeeInformation><PersonName><Surname>SANDANO/JULIANA</Surname></PersonName><TransactionInformation Amount="2366.94" CurrencyCode="BRL"><Text>A/C, FEES</Text></TransactionInformation></ExchangeDetails><FareCalculation><Text>SAO LA LIS IB MAD M985.00/-BCN LA SAO745.00NUC1730.00END ROE</Text><Text>1.00</Text></FareCalculation><ItinTotalFare><BaseFare Amount="1730.00" CurrencyCode="USD" /><EquivFare CurrencyCode="BRL" /><Taxes TaxCode="XT" TotalAmount="291.61"><Tax Amount="121.88" PaidInd="PD" TaxCode="BR" /><Tax Amount="15.09" PaidInd="PD" TaxCode="PT" /><Tax Amount="0.97" TaxCode="PT" /><Tax Amount="50.67" PaidInd="PD" TaxCode="YP" /></Taxes><TotalFare Amount="********" /><Warnings><Warning ShortText="**************************INCOMPLETE***************************" /></Warnings></ItinTotalFare><PassengerTypeQuantity Code="ADT" Quantity="01" /><PTC_FareBreakdown><FlightSegment ConnectionInd="O" DepartureDateTime="12-27T17:30" FlightNumber="8146" ResBookDesigCode="M" RPH="01"><BaggageAllowance Number="01P" /><FareBasis Code="MHESE00E" /><MarketingAirline Code="LA" FlightNumber="8146" /><OriginLocation LocationCode="GRU" /><ValidityDates><NotValidAfter>2019-12-27</NotValidAfter><NotValidBefore>2019-12-27</NotValidBefore></ValidityDates></FlightSegment><FlightSegment ConnectionInd="O" DepartureDateTime="12-31T12:30" FlightNumber="3109" ResBookDesigCode="M" RPH="02"><BaggageAllowance Number="01P" /><FareBasis Code="MHESE00E" /><MarketingAirline Code="IB" FlightNumber="3109" /><OriginLocation LocationCode="LIS" /><ValidityDates><NotValidAfter>2019-12-31</NotValidAfter><NotValidBefore>2019-12-31</NotValidBefore></ValidityDates></FlightSegment><FlightSegment RPH="03"><FareBasis Code="VOID" /><OriginLocation LocationCode="MAD" /></FlightSegment><FlightSegment ConnectionInd="O" DepartureDateTime="01-05T11:20" FlightNumber="8115" ResBookDesigCode="V" RPH="04"><BaggageAllowance Number="NIL" /><FareBasis Code="VHESL00E" /><MarketingAirline Code="LA" FlightNumber="8115" /><OriginLocation LocationCode="BCN" /><ValidityDates><NotValidAfter>2020-01-05</NotValidAfter><NotValidBefore>2020-01-05</NotValidBefore></ValidityDates></FlightSegment><FlightSegment><OriginLocation LocationCode="GRU" /></FlightSegment></PTC_FareBreakdown><ResTicketingRestrictions>11-23</ResTicketingRestrictions></AirItineraryPricingInfo></PricedItinerary><ResponseHeader><Text>VALIDATING CARRIER SPECIFIED - JJ</Text><Text>NONEND-REF/CHG SEE PENALTY</Text><Text>VALIDATING CARRIER-JJ</Text><Text>FOP</Text></ResponseHeader></PriceQuoteReissue></DisplayPriceQuoteRS>