<soapenv:Envelope xmlns:soapenv="http://schemas.xmlsoap.org/soap/envelope/" xmlns:sec="http://schemas.xmlsoap.org/ws/2002/12/secext" xmlns:mes="http://www.ebxml.org/namespaces/messageHeader" xmlns:ns="http://www.opentravel.org/OTA/2002/11"><soapenv:Header><sec:Security><sec:UsernameToken><sec:Username>7971</sec:Username><sec:Password>3476ors</sec:Password><sec:Organization>V1SG</sec:Organization><sec:Domain>DEFAULT</sec:Domain></sec:UsernameToken></sec:Security><MessageHeader xmlns:xsd="http://www.w3.org/2001/XMLSchema" xmlns:xsi="http://www.w3.org/2001/XMLSchema-instance" xmlns="http://www.ebxml.org/namespaces/messageHeader"><From><PartyId>999999</PartyId></From><To><PartyId>123123</PartyId></To><CPAId>V1SG</CPAId><ConversationId>da0e1a90-c972-426b-ab19-f2e2f33febfc</ConversationId><Service>SessionCreateRQ</Service><Action>SessionCreateRQ</Action><MessageData><MessageId>mid:20001209-133003-2333@clientofsabre.com1</MessageId><Timestamp>2019-06-25T18:17:37Z</Timestamp></MessageData></MessageHeader></soapenv:Header><soapenv:Body><SessionCreateRQ xmlns:xsd="http://www.w3.org/2001/XMLSchema" xmlns:xsi="http://www.w3.org/2001/XMLSchema-instance"><POS xmlns="http://www.opentravel.org/OTA/2002/11"><Source PseudoCityCode="V1SG" /></POS></SessionCreateRQ></soapenv:Body></soapenv:Envelope>