<PassengerDetailsRS xmlns:xsd="http://www.w3.org/2001/XMLSchema" xmlns:xsi="http://www.w3.org/2001/XMLSchema-instance"><ApplicationResults xmlns="http://services.sabre.com/STL_Payload/v02_01" status="Complete"><Success timeStamp="2019-06-25T11:53:41.714-03:00" /></ApplicationResults><TravelItineraryReadRS xmlns="http://services.sabre.com/sp/pd/v3_3"><TravelItinerary><CustomerInfo><Address><AddressLine type="O">BEST WAY TRIPS AGENCIA DE VIAGENS E TURISMO LTDA</AddressLine><AddressLine type="O">AV PRESIDENTE AFONSO CAMARGO 330</AddressLine><AddressLine type="O">80060-090 CURITIBA - PR - CEP</AddressLine></Address><ContactNumbers><ContactNumber LocationCode="CWB" Phone="41-3888-3488-A" RPH="001" /></ContactNumbers><PersonName WithInfant="false" NameNumber="01.01" PassengerType="ADT" RPH="1"><GivenName>JULIANA COELHO DE SOUZA MRS</GivenName><ProfileIndex>TAGENCY/104326364</ProfileIndex><Surname>SANDANO</Surname></PersonName></CustomerInfo><ItineraryInfo><ItineraryPricing><PriceQuote RPH="1"><MiscInformation><SignatureLine ExpirationDateTime="00:00" Source="SYS" Status="HISTORY"><Text>V1SG V1SG*AMC 1101/25JUN19</Text></SignatureLine></MiscInformation><PricedItinerary DisplayOnly="false" InputMessage="WPAC*TOUR2?NCB" RPH="1" StatusCode="A" TaxExempt="false" ValidatingCarrier="JJ"><AirItineraryPricingInfo><ItinTotalFare><BaseFare Amount="1270.00" CurrencyCode="USD" /><EquivFare Amount="4855.71" CurrencyCode="BRL" /><Taxes><Tax Amount="343.94" TaxCode="XT" /><TaxBreakdownCode TaxPaid="false">184.45BR</TaxBreakdownCode><TaxBreakdownCode TaxPaid="false">15.09PT</TaxBreakdownCode><TaxBreakdownCode TaxPaid="false">50.67YP</TaxBreakdownCode><TaxBreakdownCode TaxPaid="false">75.86JD</TaxBreakdownCode><TaxBreakdownCode TaxPaid="false">15.22QV</TaxBreakdownCode><TaxBreakdownCode TaxPaid="false">2.65OG</TaxBreakdownCode></Taxes><TotalFare Amount="5199.65" CurrencyCode="BRL" /><Totals><BaseFare Amount="1270.00" /><EquivFare Amount="4855.71" /><Taxes><Tax Amount="343.94" /></Taxes><TotalFare Amount="5199.65" /></Totals></ItinTotalFare><PassengerTypeQuantity Code="ADT" Quantity="01" /><PTC_FareBreakdown><Endorsements><Endorsement type="PRICING_PARAMETER"><Text>WPAC*TOUR2$NCB</Text></Endorsement><Endorsement type="WARNING"><Text>VALIDATING CARRIER - JJ</Text></Endorsement><Endorsement type="SYSTEM_ENDORSEMENT"><Text>NONEND-REF/CHG SEE PENALTY</Text></Endorsement></Endorsements><FareBasis Code="XHESE40E/XHESE40E/XHESE40E/XHESL40E/XHESL40E" /><FareCalculation><Text>CWB LA X/SAO LA LIS IB MAD M650.00/-BCN LA X/SAO LA CWB M620.00NUC1270.00END ROE1.00</Text></FareCalculation><FareSource>ATPC</FareSource><FlightSegment ConnectionInd="O" DepartureDateTime="12-27T10:10" FlightNumber="3515" ResBookDesigCode="Y" SegmentNumber="1" Status="HK"><BaggageAllowance Number="01P" /><FareBasis Code="XHESE40E" /><MarketingAirline Code="LA" FlightNumber="3515" /><OriginLocation LocationCode="CWB" /><ValidityDates><NotValidAfter>2019-12-27</NotValidAfter><NotValidBefore>2019-12-27</NotValidBefore></ValidityDates></FlightSegment><FlightSegment ConnectionInd="X" DepartureDateTime="12-27T17:35" FlightNumber="8146" ResBookDesigCode="X" SegmentNumber="2" Status="HK"><BaggageAllowance Number="01P" /><FareBasis Code="XHESE40E" /><MarketingAirline Code="LA" FlightNumber="8146" /><OriginLocation LocationCode="GRU" /><ValidityDates><NotValidAfter>2019-12-27</NotValidAfter><NotValidBefore>2019-12-27</NotValidBefore></ValidityDates></FlightSegment><FlightSegment ConnectionInd="O" DepartureDateTime="12-31T12:30" FlightNumber="3109" ResBookDesigCode="S" SegmentNumber="3" Status="HK"><BaggageAllowance Number="01P" /><FareBasis Code="XHESE40E" /><MarketingAirline Code="IB" FlightNumber="3109" /><OriginLocation LocationCode="LIS" /><ValidityDates><NotValidAfter>2019-12-31</NotValidAfter><NotValidBefore>2019-12-31</NotValidBefore></ValidityDates></FlightSegment><FlightSegment SegmentNumber="4"><FareBasis Code="VOID" /><OriginLocation LocationCode="MAD" /></FlightSegment><FlightSegment ConnectionInd="O" DepartureDateTime="01-05T11:20" FlightNumber="8115" ResBookDesigCode="X" SegmentNumber="4" Status="HK"><BaggageAllowance Number="NIL" /><FareBasis Code="XHESL40E" /><MarketingAirline Code="LA" FlightNumber="8115" /><OriginLocation LocationCode="BCN" /><ValidityDates><NotValidAfter>2020-01-05</NotValidAfter><NotValidBefore>2020-01-05</NotValidBefore></ValidityDates></FlightSegment><FlightSegment ConnectionInd="X" DepartureDateTime="01-05T20:25" FlightNumber="3850" ResBookDesigCode="Y" SegmentNumber="5" Status="HK"><BaggageAllowance Number="NIL" /><FareBasis Code="XHESL40E" /><MarketingAirline Code="LA" FlightNumber="3850" /><OriginLocation LocationCode="GRU" /><ValidityDates><NotValidAfter>2020-01-05</NotValidAfter><NotValidBefore>2020-01-05</NotValidBefore></ValidityDates></FlightSegment><FlightSegment><OriginLocation LocationCode="CWB" /></FlightSegment><ResTicketingRestrictions>LAST DAY TO PURCHASE 28JUN/1100</ResTicketingRestrictions><ResTicketingRestrictions>GUARANTEED FARE APPL IF PURCHASED BEFORE 28JUN</ResTicketingRestrictions></PTC_FareBreakdown></AirItineraryPricingInfo></PricedItinerary><ResponseHeader><Text>FARE - PRICE RETAINED</Text><Text>FARE NOT GUARANTEED UNTIL TICKETED</Text></ResponseHeader><PriceQuotePlus DomesticIntlInd="I" PricingStatus="S" VerifyFareCalc="false" ItineraryChanged="false" ManualFare="false" NegotiatedFare="false" SystemIndicator="S" NUCSuppresion="false" SubjToGovtApproval="false" IT_BT_Fare="BT" DisplayOnly="false" DiscountAmount="0"><TicketingInstructionsInfo /></PriceQuotePlus></PriceQuote><PriceQuote RPH="2"><MiscInformation><SignatureLine ExpirationDateTime="00:00" Source="SYS" Status="HISTORY"><Text>V1SG V1SG*AMC 1148/25JUN19</Text></SignatureLine></MiscInformation><PricedItinerary DisplayOnly="false" InputMessage="WPNCB?S1*BRSE?S2*BRSE?S3*BRSE?S4*BRSE?S5*BRSE?P1ADT?RQ" RPH="1" StatusCode="A" TaxExempt="false" ValidatingCarrier="JJ"><AirItineraryPricingInfo><ItinTotalFare><BaseFare Amount="1320.00" CurrencyCode="USD" /><EquivFare Amount="5046.88" CurrencyCode="BRL" /><Taxes><Tax Amount="343.94" TaxCode="XT" /><TaxBreakdownCode TaxPaid="false">184.45BR</TaxBreakdownCode><TaxBreakdownCode TaxPaid="false">15.09PT</TaxBreakdownCode><TaxBreakdownCode TaxPaid="false">50.67YP</TaxBreakdownCode><TaxBreakdownCode TaxPaid="false">75.86JD</TaxBreakdownCode><TaxBreakdownCode TaxPaid="false">15.22QV</TaxBreakdownCode><TaxBreakdownCode TaxPaid="false">2.65OG</TaxBreakdownCode></Taxes><TotalFare Amount="5390.82" CurrencyCode="BRL" /><Totals><BaseFare Amount="1320.00" /><EquivFare Amount="5046.88" /><Taxes><Tax Amount="343.94" /></Taxes><TotalFare Amount="5390.82" /></Totals></ItinTotalFare><PassengerTypeQuantity Code="ADT" Quantity="01" /><PTC_FareBreakdown><Endorsements><Endorsement type="PRICING_PARAMETER"><Text>WPNCB$S1*BRSE$S2*BRSE$S3*BRSE$S4*BRSE$S5*BRSE$P1ADT$RQ</Text></Endorsement><Endorsement type="WARNING"><Text>VALIDATING CARRIER - JJ</Text></Endorsement><Endorsement type="SYSTEM_ENDORSEMENT"><Text>NONEND-REF/CHG SEE PENALTY</Text></Endorsement></Endorsements><FareBasis Code="XHESE40E/XHESE40E/XHESE40E/XHESE40E/XHESE40E" /><FareCalculation><Text>CWB LA X/SAO LA LIS IB MAD M650.00/-BCN LA X/SAO LA CWB M670.00NUC1320.00END ROE1.00</Text></FareCalculation><FareSource>ATPC</FareSource><FlightSegment ConnectionInd="O" DepartureDateTime="12-27T10:10" FlightNumber="3515" ResBookDesigCode="Y" SegmentNumber="1" Status="HK"><BaggageAllowance Number="01P" /><FareBasis Code="XHESE40E" /><MarketingAirline Code="LA" FlightNumber="3515" /><OriginLocation LocationCode="CWB" /><ValidityDates><NotValidAfter>2019-12-27</NotValidAfter><NotValidBefore>2019-12-27</NotValidBefore></ValidityDates></FlightSegment><FlightSegment ConnectionInd="X" DepartureDateTime="12-27T17:35" FlightNumber="8146" ResBookDesigCode="X" SegmentNumber="2" Status="HK"><BaggageAllowance Number="01P" /><FareBasis Code="XHESE40E" /><MarketingAirline Code="LA" FlightNumber="8146" /><OriginLocation LocationCode="GRU" /><ValidityDates><NotValidAfter>2019-12-27</NotValidAfter><NotValidBefore>2019-12-27</NotValidBefore></ValidityDates></FlightSegment><FlightSegment ConnectionInd="O" DepartureDateTime="12-31T12:30" FlightNumber="3109" ResBookDesigCode="S" SegmentNumber="3" Status="HK"><BaggageAllowance Number="01P" /><FareBasis Code="XHESE40E" /><MarketingAirline Code="IB" FlightNumber="3109" /><OriginLocation LocationCode="LIS" /><ValidityDates><NotValidAfter>2019-12-31</NotValidAfter><NotValidBefore>2019-12-31</NotValidBefore></ValidityDates></FlightSegment><FlightSegment SegmentNumber="4"><FareBasis Code="VOID" /><OriginLocation LocationCode="MAD" /></FlightSegment><FlightSegment ConnectionInd="O" DepartureDateTime="01-05T11:20" FlightNumber="8115" ResBookDesigCode="X" SegmentNumber="4" Status="HK"><BaggageAllowance Number="01P" /><FareBasis Code="XHESE40E" /><MarketingAirline Code="LA" FlightNumber="8115" /><OriginLocation LocationCode="BCN" /><ValidityDates><NotValidAfter>2020-01-05</NotValidAfter><NotValidBefore>2020-01-05</NotValidBefore></ValidityDates></FlightSegment><FlightSegment ConnectionInd="X" DepartureDateTime="01-05T20:25" FlightNumber="3850" ResBookDesigCode="Y" SegmentNumber="5" Status="HK"><BaggageAllowance Number="01P" /><FareBasis Code="XHESE40E" /><MarketingAirline Code="LA" FlightNumber="3850" /><OriginLocation LocationCode="GRU" /><ValidityDates><NotValidAfter>2020-01-05</NotValidAfter><NotValidBefore>2020-01-05</NotValidBefore></ValidityDates></FlightSegment><FlightSegment><OriginLocation LocationCode="CWB" /></FlightSegment><ResTicketingRestrictions>LAST DAY TO PURCHASE 28JUN/1100</ResTicketingRestrictions><ResTicketingRestrictions>GUARANTEED FARE APPL IF PURCHASED BEFORE 28JUN</ResTicketingRestrictions></PTC_FareBreakdown></AirItineraryPricingInfo></PricedItinerary><ResponseHeader><Text>FARE - PRICE RETAINED</Text><Text>FARE USED TO CALCULATE DISCOUNT</Text><Text>FARE NOT GUARANTEED UNTIL TICKETED</Text></ResponseHeader><PriceQuotePlus DomesticIntlInd="I" PricingStatus="S" VerifyFareCalc="false" ItineraryChanged="false" ManualFare="false" NegotiatedFare="false" SystemIndicator="S" NUCSuppresion="false" SubjToGovtApproval="false" IT_BT_Fare="BT" DisplayOnly="false" DiscountAmount="0"><TicketingInstructionsInfo /></PriceQuotePlus></PriceQuote></ItineraryPricing><ReservationItems><Item RPH="1"><FlightSegment AirMilesFlown="0223" ArrivalDateTime="12-27T11:20" ConnectionInd="O" DayOfWeekInd="5" DepartureDateTime="2019-12-27T10:10" ElapsedTime="01.10" eTicket="true" FlightNumber="3515" NumberInParty="01" ResBookDesigCode="Y" SegmentNumber="0001" SmokingAllowed="false" SpecialMeal="false" Status="HK" StopQuantity="00" IsPast="false"><DestinationLocation LocationCode="GRU" Terminal="TERMINAL 2" TerminalCode="2" /><Equipment AirEquipType="321" /><MarketingAirline Code="LA" FlightNumber="3515" /><MarriageGrp Group="001" Ind="O" Sequence="1" /><Meal Code="G" /><OperatingAirline Code="LA" CompanyShortName="LATAM AIRLINES BRASIL" FlightNumber="3515" /><OriginLocation LocationCode="CWB" /><SupplierRef ID="DCLA*IODWPF" /><Text>OPERATED BY LATAM AIRLINES BRASIL</Text><UpdatedArrivalTime>12-27T11:20</UpdatedArrivalTime><UpdatedDepartureTime>12-27T10:10</UpdatedDepartureTime></FlightSegment></Item><Item RPH="2"><FlightSegment AirMilesFlown="4915" ArrivalDateTime="12-28T06:35" ConnectionInd="I" DayOfWeekInd="5" DepartureDateTime="2019-12-27T17:35" ElapsedTime="10.00" eTicket="true" FlightNumber="8146" NumberInParty="01" ResBookDesigCode="X" SegmentNumber="0002" SmokingAllowed="false" SpecialMeal="false" Status="HK" StopQuantity="00" IsPast="false"><DestinationLocation LocationCode="LIS" /><Equipment AirEquipType="763" /><MarketingAirline Code="LA" FlightNumber="8146" /><MarriageGrp Group="001" Ind="I" Sequence="2" /><Meal Code="D" /><Meal Code="B" /><OperatingAirline Code="LA" CompanyShortName="LATAM AIRLINES BRASIL" FlightNumber="8146" /><OriginLocation LocationCode="GRU" Terminal="TERMINAL 3" TerminalCode="3" /><SupplierRef ID="DCLA*IODWPF" /><Text>OPERATED BY LATAM AIRLINES BRASIL</Text><UpdatedArrivalTime>12-28T06:35</UpdatedArrivalTime><UpdatedDepartureTime>12-27T17:35</UpdatedDepartureTime></FlightSegment></Item><Item RPH="3"><FlightSegment AirMilesFlown="0319" ArrivalDateTime="12-31T14:55" DayOfWeekInd="2" DepartureDateTime="2019-12-31T12:30" ElapsedTime="01.25" eTicket="true" FlightNumber="3109" NumberInParty="01" ResBookDesigCode="S" SegmentNumber="0003" SmokingAllowed="false" SpecialMeal="false" Status="HK" StopQuantity="00" IsPast="false"><DestinationLocation LocationCode="MAD" Terminal="TERMINAL 4" TerminalCode="4" /><Equipment AirEquipType="320" /><MarketingAirline Code="IB" FlightNumber="3109" /><Meal Code="G" /><OriginLocation LocationCode="LIS" Terminal="TERMINAL 1" TerminalCode="1" /><SupplierRef ID="DCIB*L5A3DN" /><UpdatedArrivalTime>12-31T14:55</UpdatedArrivalTime><UpdatedDepartureTime>12-31T12:30</UpdatedDepartureTime></FlightSegment></Item><Item RPH="4"><FlightSegment AirMilesFlown="5433" ArrivalDateTime="01-05T19:05" ConnectionInd="O" DayOfWeekInd="7" DepartureDateTime="2020-01-05T11:20" ElapsedTime="11.45" eTicket="true" FlightNumber="8115" NumberInParty="01" ResBookDesigCode="X" SegmentNumber="0004" SmokingAllowed="false" SpecialMeal="false" Status="HK" StopQuantity="00" IsPast="false"><DestinationLocation LocationCode="GRU" Terminal="TERMINAL 3" TerminalCode="3" /><Equipment AirEquipType="763" /><MarketingAirline Code="LA" FlightNumber="8115" /><MarriageGrp Group="002" Ind="O" Sequence="1" /><Meal Code="L" /><Meal Code="D" /><OperatingAirline Code="LA" CompanyShortName="LATAM AIRLINES BRASIL" FlightNumber="8115" /><OriginLocation LocationCode="BCN" Terminal="TERMINAL 1" TerminalCode="1" /><SupplierRef ID="DCLA*IODWPF" /><Text>OPERATED BY LATAM AIRLINES BRASIL</Text><UpdatedArrivalTime>01-05T19:05</UpdatedArrivalTime><UpdatedDepartureTime>01-05T11:20</UpdatedDepartureTime></FlightSegment></Item><Item RPH="5"><FlightSegment AirMilesFlown="0223" ArrivalDateTime="01-05T21:35" ConnectionInd="I" DayOfWeekInd="7" DepartureDateTime="2020-01-05T20:25" ElapsedTime="01.10" eTicket="true" FlightNumber="3850" NumberInParty="01" ResBookDesigCode="Y" SegmentNumber="0005" SmokingAllowed="false" SpecialMeal="false" Status="HK" StopQuantity="00" IsPast="false"><DestinationLocation LocationCode="CWB" /><Equipment AirEquipType="321" /><MarketingAirline Code="LA" FlightNumber="3850" /><MarriageGrp Group="002" Ind="I" Sequence="2" /><Meal Code="G" /><OperatingAirline Code="LA" CompanyShortName="LATAM AIRLINES BRASIL" FlightNumber="3850" /><OriginLocation LocationCode="GRU" Terminal="TERMINAL 2" TerminalCode="2" /><SupplierRef ID="DCLA*IODWPF" /><Text>OPERATED BY LATAM AIRLINES BRASIL</Text><UpdatedArrivalTime>01-05T21:35</UpdatedArrivalTime><UpdatedDepartureTime>01-05T20:25</UpdatedDepartureTime></FlightSegment></Item></ReservationItems><Ticketing RPH="01" TicketTimeLimit="TAW/27JUN" /></ItineraryInfo><ItineraryRef AirExtras="false" ID="SSHVTJ" InhibitCode="U" PartitionID="AA" PrimeHostID="1S"><Header>PRICE QUOTE RECORD EXISTS - SYSTEM</Header><Source AAA_PseudoCityCode="V1SG" CreateDateTime="2019-06-25T09:00" CreationAgent="AMC" HomePseudoCityCode="V1SG" PseudoCityCode="V1SG" ReceivedFrom="MARCELO" LastUpdateDateTime="2019-06-25T09:49" SequenceNumber="7" /></ItineraryRef><RemarkInfo><Remark RPH="001" Type="Itinerary"><Text>**************** PREZADO CLIENTE *****************</Text></Remark><Remark RPH="002" Type="Itinerary"><Text>***** VISUALIZE SEU ITINERARIO PELA INTERNET *****</Text></Remark><Remark RPH="003" Type="Itinerary"><Text>****** ACESSE O SITE TRIPCASE.COM ******</Text></Remark><Remark RPH="004" Type="Itinerary"><Text>*** INFORME SEU CODIGO DE RESERVA E SOBRENOME ****</Text></Remark><Remark RPH="005" Type="Itinerary"><Text>******************* BOA VIAGEM *******************</Text></Remark><Remark RPH="006" Type="Historical"><Text>ASD/VJ/PNR/TRAVELENGINE</Text></Remark></RemarkInfo><SpecialServiceInfo RPH="001" Type="AFX"><Service SSR_Code="SSR" SSR_Type="OTHS"><Text>1S PLS ADV TKT NBR BEFORE 28JUN19 1100 CWB LT OR AUTO CNL</Text></Service></SpecialServiceInfo></TravelItinerary></TravelItineraryReadRS></PassengerDetailsRS>